row_number,id,task_type,difficulty,context,question,reference_answer,is_correct__YES_or_NO,notes_if_NO
1,REG_063,regulatory_interpretation,easy,The draft offer document filed with the designated stock exchange shall be made public by posting the same on the website of the designated stock exchange for seeking public comments for a period of fifteen days from the date of filing the draft offer document with such exchange and shall be available for download in PDF / HTML formats.,"Under SEBI (Issue and Listing of Municipal Debt Securities) Regulations 2015, for how many days must the draft offer document be publicly available on the designated stock exchange's website for public comments?",Fifteen days,,
2,REG_080,regulatory_interpretation,easy,"""compulsory delisting"" means delisting of equity shares of a company by a recognised stock exchange under Chapter V of these regulations.","How does SEBI (Delisting of Equity Shares) Regulations, 2021 define 'compulsory delisting'?",Delisting of equity shares of a company by a recognised stock exchange under Chapter V of these regulations.,,
3,REG_111,regulatory_interpretation,easy,"F. Restriction on payment of dividend. 12. The Reserve Bank reserves the right to place restrictions on distribution of dividend where a bank is found to be non-compliant with the applicable laws, regulations / guidelines issued by the Reserve Bank. 13. If a bank does not meet the eligibility criteria as per paragraph 7 above, no special dispensation will be given for declaration of dividend for that period.","What is the consequence for an SFB that fails to meet the dividend eligibility criteria under the RBI SFB Dividend Directions, 2026?",No special dispensation will be given for declaration of dividend for that period,,
4,REG_143,regulatory_interpretation,easy,"Regulation 19(2): All records shall be maintained either in physical or electronic form and preserved for a minimum period of five years: Provided that where records are required to be duly signed and are maintained in electronic form, such records shall be digitally signed.","For how long must an investment adviser preserve its records under SEBI IA Regulations, 2013, and what additional requirement applies to electronically maintained records that require signatures?","Under Regulation 19(2), all records must be maintained and preserved for a minimum period of five years. If records that are required to be duly signed are maintained in electronic form, they must be digitally signed.",,
5,REG_001,regulatory_interpretation,easy,"An issuer shall be eligible to make an initial public offer only if: (a) it has net tangible assets of at least three crore rupees, calculated on a restated and consolidated basis, in each of the preceding three full years (of twelve months each), of which not more than fifty per cent. are held in monetary assets; (b) it has an average operating profit of at least fifteen crore rupees, calculated on a restated and consolidated basis, during the preceding three years (of twelve months each), with operating profit in each of these preceding three years; (c) it has a net worth of at least one crore rupees in each of the preceding three full years (of twelve months each), calculated on a restate","What is the minimum average operating profit an issuer must have over the preceding three years to be eligible to make an initial public offer under SEBI ICDR Regulations, 2018?",At least fifteen crore rupees,,
6,REG_084,regulatory_interpretation,easy,"These Directions shall be called the Reserve Bank of India (Small Finance Banks - Prudential Norms on Declaration of Dividend) Directions, 2026. These Directions shall come into effect from Financial Year (FY) 2026-27.","From which financial year do the Reserve Bank of India (Small Finance Banks - Prudential Norms on Declaration of Dividend) Directions, 2026 come into effect?",Financial Year 2026-27,,
7,REG_062,regulatory_interpretation,easy,"The Board may specify changes or issue observations, if any, on the draft offer document within twenty one days from the later of the following dates: a) the date of receipt of the draft offer document under sub-regulation (1); or b) the date of receipt of satisfactory reply from the lead manager(s), where the Board has sought any clarification or additional information from them; or c) the date of receipt of clarification or information from any regulator or agency, where the Board has sought any clarification or information from such regulator or agency; or d) the date of receipt of a copy of in-principle approval letter issued by the stock exchange(s).","Under SEBI (Issue and Listing of Municipal Debt Securities) Regulations 2015, within how many days of the relevant trigger date may SEBI specify changes or issue observations on a draft offer document?",Twenty one days,,
8,REG_132,regulatory_interpretation,easy,Regulation 4: The following persons shall not be required to seek registration under regulation 3 subject to the fulfillment of the conditions stipulated therefor — (b) Any insurance agent or insurance broker who offers investment advice solely in insurance products and is registered with Insurance Regulatory and Development Authority for such activity.,"Is an insurance broker who advises clients on insurance products required to register as an investment adviser under SEBI (Investment Advisers) Regulations, 2013?","No. Under Regulation 4(b), any insurance agent or insurance broker who offers investment advice solely in insurance products and is registered with the Insurance Regulatory and Development Authority (IRDAI) for such activity is exempt from the registration requirement under these regulations.",,
9,REG_019,regulatory_interpretation,easy,The trading member/clearing member/self-clearing member/professional clearing member shall comply with the following minimum net worth requirements: Trading Member — 1 crore; Self-Clearing Member — 5 crore; Clearing Member — 15 crore; Professional Clearing Member — 50 crore. The stock broker may act as an underwriter only out of its own net worth/funds and the underwriting obligation shall not exceed twenty times of the net worth.,"Under SEBI Stock Brokers Regulations 2026, what is the minimum net worth requirement for a Professional Clearing Member?",50 crore,,
10,REG_095,regulatory_interpretation,easy,The eligibility criteria for registration of a mutual fund include: (c) the sponsor has contributed or contributes at least 40% to the net worth of the asset management company: Provided that any person who holds 40% or more of the net worth of an asset management company shall be deemed to be a sponsor and will be required to fulfill the eligibility criteria specified in these regulations.,"What is the minimum percentage of an AMC's net worth that a sponsor must contribute to be eligible for mutual fund registration under SEBI (Mutual Funds) Regulations, 1996?",At least 40 per cent,,
11,REG_102,regulatory_interpretation,medium,"Payment of annual service fee. 12. A mutual fund shall pay before the 15th April each year a service fee as specified in the Second Schedule for every financial year from the year following the year of registration: Provided that the Board may, on being satisfied with the reasons for the delay permit the mutual fund to pay the service fee at any time before the expiry of two months from the commencement of the financial year to which such fee relates.","By what date must a mutual fund pay its annual service fee, and what is the maximum grace period SEBI may allow for a delayed payment?",Before the 15th April each year; the Board may allow payment up to two months from commencement of the financial year,,
12,REG_004,regulatory_interpretation,medium,"In an issue made through the book building process, the issuer may allocate up to sixty per cent. of the portion available for allocation to qualified institutional buyers to anchor investors in accordance with these regulations. One-third of the anchor investor portion shall be reserved for domestic mutual funds.","Under SEBI ICDR Regulations, 2018, what fraction of the anchor investor portion in a book-built issue is reserved for domestic mutual funds?",One-third,,
13,REG_160,regulatory_interpretation,medium,Regulation 13(5): Extension of the tenure of the close ended Alternative Investment Fund may be permitted up to two years subject to approval of two-thirds of the unit holders by value of their investment in the Alternative Investment Fund: Provided that an Accredited Investors only fund may be permitted to extend its tenure up to five years subject to the approval of two-thirds of the unit holders by value of their investment in the Accredited Investors only fund.,"Under SEBI AIF Regulations, 2012, by how many years can the tenure of a close-ended AIF be extended, and what investor approval is required? Is there a special provision for Accredited Investors only funds?","Under Regulation 13(5), the tenure of a close-ended AIF may be extended by up to two years, subject to the approval of two-thirds of unit holders by value of their investment. For Accredited Investors only funds, there is a special provision — their tenure may be extended by up to five years (instead of two), subject to the same approval threshold of two-thirds of unit holders by value.",,
14,REG_010,regulatory_interpretation,medium,"The Manager or Sponsor shall have a continuing interest in the Alternative Investment Fund of not less than two and half percent of the corpus or five crore rupees, whichever is lower, in the form of investment in the Alternative Investment Fund and such interest shall not be through the waiver of management fees: Provided that for Category III Alternative Investment Fund, the continuing interest shall be not less than five percent of the corpus or ten crore rupees, whichever is lower.","Under SEBI AIF Regulations, 2012, what is the minimum continuing interest that the Manager or Sponsor must maintain in a Category III Alternative Investment Fund?","Not less than five percent of the corpus or ten crore rupees, whichever is lower",,
15,REG_167,regulatory_interpretation,medium,"Regulation 4: The Board shall not consider an application under regulation 3 unless the applicant is promoted by a person belonging to any of the following categories: (a) a public financial institution; (b) a scheduled commercial bank included in the second schedule to the RBI Act, 1934; (c) a foreign bank operating in India with the approval of the Reserve Bank of India; (d) a foreign credit rating agency incorporated in a Financial Action Task Force (FATF) member jurisdiction and recognised under their law, having a minimum of five years' experience in rating securities; (e) any company or body corporate having continuous net worth of minimum rupees one hundred crores as per audited annua","Who are the eligible categories of promoters for a credit rating agency under SEBI (CRA) Regulations, 1999?","Under Regulation 4, a credit rating agency must be promoted by one of the following: (a) a public financial institution; (b) a scheduled commercial bank in the RBI's second schedule; (c) a foreign bank operating in India with RBI approval; (d) a foreign CRA incorporated in a FATF member jurisdiction, recognised under their law, with at least five years' experience in rating securities; or (e) any company or body corporate with a continuous net worth of at least Rs 100 crore per audited accounts for the previous five years.",,
16,REG_059,regulatory_interpretation,medium,"""institutional investor"" means â€” (i) a qualified institutional buyer; or (ii) a family trust or an intermediary registered with the Board, having a net worth of more than five hundred crore rupees, as per the latest audited financial statements.","Under SEBI (InvIT) Regulations 2014 (as currently in force), what minimum net worth must a family trust or a Board-registered intermediary have to qualify as an institutional investor?","More than five hundred crore rupees, as per the latest audited financial statements",,
17,REG_025,regulatory_interpretation,medium,"A depository shall not be eligible to carry on its activities as a depository if any person, individually or together with persons acting in concert, holds or acquires more than five per cent of the paid-up equity share capital of such depository, unless the prior approval of the Board has been obtained for the same. A participant shall be a person registered as a participant under the Act.","Under SEBI Depositories and Participants Regulations 2018, what is the threshold shareholding in a depository that triggers the requirement for prior Board approval?",More than five per cent of the paid-up equity share capital,,
18,REG_124,regulatory_interpretation,medium,"Restrictions on business activities of the asset management company. 24. The asset management company shall...not undertake any business activities other than in the nature of management and advisory services provided to pooled assets including offshore funds, insurance funds, pension funds, provident funds, or such categories of foreign portfolio investor subject to such conditions, as may be specified by the Board, if any of such activities are not in conflict with the activities of the mutual fund.",What is the primary restriction on additional business activities an AMC may engage in under the post-2011 SEBI (Mutual Funds) Regulations?,"The AMC shall not undertake any business activities other than management and advisory services provided to pooled assets (including offshore funds, insurance funds, pension funds, provident funds, and certain foreign portfolio investors)",,
19,REG_154,regulatory_interpretation,medium,"Regulation 10(c): the Alternative Investment Fund shall not accept from an investor, an investment of value less than one crore rupees: Provided that in case of investors who are employees or directors of the Alternative Investment Fund or employees or directors of the Manager, the minimum value of investment shall be twenty five lakh rupees: Provided further that this clause shall not apply to an accredited investor.","What is the minimum investment that an investor must make in an Alternative Investment Fund scheme under SEBI AIF Regulations, 2012? Are there any exceptions to this minimum?","Under Regulation 10(c), the minimum investment by any investor in an AIF scheme is Rs one crore. Two exceptions apply: (1) employees or directors of the AIF, or employees or directors of the Manager, have a reduced minimum of Rs twenty-five lakh; (2) the minimum investment requirement does not apply at all to accredited investors.",,
20,REG_073,regulatory_interpretation,medium,"Subject to compliance with the provisions of the Act, these regulations and the relevant regulations, the certificate granted to an intermediary shall be permanent unless surrendered by the intermediary or suspended or cancelled in accordance with these regulations.",Under what three circumstances can a permanent certificate granted to an intermediary under SEBI (Intermediaries) Regulations 2008 cease to be valid?,"If the certificate is surrendered by the intermediary, or suspended, or cancelled in accordance with the regulations.",,
21,REG_195,regulatory_interpretation,hard,"Regulation 9(2): For purposes of payment by way of listed shares, the shares sought to be issued or exchanged shall conform to the following: (a) listed and frequently traded; (b) listed for at least two years preceding the date of public announcement; (c) issuer has redressed at least 95% of complaints received from investors in the preceding calendar quarter; (d) issuer has been in material compliance with listing regulations for at least two years immediately preceding the date of public announcement; (e) impact of auditors' qualifications does not exceed 5% of net profit or loss after tax for three immediately preceding financial years; (f) SEBI has not issued directions against the issu",What conditions must listed shares offered as non-cash consideration in an open offer satisfy under Regulation 9(2) of SEBI Takeovers Regulations 2011?,The shares must: (a) be listed and frequently traded; (b) have been listed for at least 2 years before the date of public announcement; (c) the issuer must have redressed at least 95% of investor complaints in the preceding calendar quarter; (d) the issuer must have materially complied with listing regulations for at least 2 years preceding the public announcement; (e) impact of auditors' qualifications must not exceed 5% of net profit or loss after tax for three preceding financial years; and (f) SEBI must not have issued any direction restricting the issuer's access to capital markets or issuance of fresh shares.,,
22,REG_141,regulatory_interpretation,hard,"Regulation 15(7): An investment advisor shall not enter into transactions on its own account which is contrary to its advice given to clients for a period of fifteen days from the day of such advice. Provided that during the period of such fifteen days, if the investment adviser is of the opinion that the situation has changed, then it may enter into such a transaction on its own account after giving such revised assessment to the client at least 24 hours in advance of entering into such transaction.","Under SEBI IA Regulations, 2013, if an investment adviser advised clients to buy a stock on a certain date but subsequently believes the situation has changed within 10 days, can the adviser immediately sell the same stock from its own account?","No, not immediately. Under Regulation 15(7), an investment adviser is prohibited from entering transactions on its own account contrary to client advice for 15 days from the day of advice. Even if the situation has changed within those 15 days, the adviser cannot act immediately — it must first give a revised assessment to clients at least 24 hours in advance before entering the contrary own-account transaction. So the adviser must provide the revised assessment and then wait at least 24 hours before selling from its own account.",,
23,REG_180,regulatory_interpretation,hard,"Regulation 24A(1): A credit rating agency shall not: (a) directly or indirectly, hold 10 per cent or more shareholding and/or voting rights in any other credit rating agency, or (b) have representation on the Board of any other credit rating agency. (2) A shareholder holding 10 per cent or more shares and/or voting rights in a credit rating agency shall not hold 10 per cent or more shares and/or voting rights, directly or indirectly, in any other credit rating agency. Provided that the said restriction shall not apply to holdings by Pension Funds, Insurance Schemes and Mutual Fund Schemes.","What shareholding restrictions apply between credit rating agencies under SEBI (CRA) Regulations, 1999? Are there any exemptions?","Under Regulation 24A, a CRA may not directly or indirectly hold 10% or more shareholding or voting rights in any other CRA, and may not have board representation in any other CRA. Additionally, any shareholder holding 10% or more in one CRA may not hold 10% or more (directly or indirectly) in any other CRA. There is an exemption: these cross-shareholding restrictions do not apply to holdings by Pension Funds, Insurance Schemes, and Mutual Fund Schemes.",,
24,REG_015,regulatory_interpretation,hard,"An application in respect of any specified proceeding pending before the Board shall not be considered if it is made after sixty days from the date of service of the notice to show cause issued for initiation of such proceeding. Provided that no such delayed application shall be considered if the application is filed after one hundred and twenty calendar days from the expiry of the period specified in sub-regulation (1) or after the first hearing, whichever is earlier.","Under SEBI Settlement Proceedings Regulations 2018, what is the absolute latest deadline — counted from expiry of the sixty-day window — after which no settlement application in a specified proceeding will be considered?","One hundred and twenty calendar days from the expiry of the sixty-day period, or after the first hearing, whichever is earlier",,
25,REG_184,regulatory_interpretation,hard,"Regulation 28E(m)(iv): [Category I ESG rating provider] the applicant shall maintain a minimum liquid net worth of rupees five crores at all times: Provided that at the time of making the application, the applicant shall have a minimum liquid net worth of the higher of, A. rupees ten crores, or B. addition of rupees five crores and the target on cumulative cash losses until breakeven.","What are the ongoing and application-time liquid net worth requirements for a Category I ESG rating provider under SEBI (CRA) Regulations, 1999?","Under Regulation 28E(m)(iv), a Category I ESG rating provider must maintain a minimum liquid net worth of Rs 5 crore at all times on an ongoing basis. At the time of making the application for registration, the applicant must have a minimum liquid net worth equal to the higher of: (A) Rs 10 crore, or (B) Rs 5 crore plus the applicant's own projected target of cumulative cash losses until its targeted breakeven date.",,
26,REG_147,regulatory_interpretation,hard,"Regulation 22A: (1) Investment adviser may provide implementation services to the advisory clients in securities market: Provided that investment advisers shall ensure that no consideration including any commission or referral fees, whether embedded or indirect or otherwise, by whatever name called is received; directly or indirectly, at investment adviser's group or family level for the said service. (2) Investment adviser shall provide implementation services to its advisory clients only through direct schemes/products in the securities market. (3) Investment adviser or group or family of investment adviser shall not charge any implementation fees from the client. (4) The client shall not ","Under SEBI IA Regulations, 2013, what are the four key conditions governing an investment adviser's provision of implementation services to advisory clients?","Under Regulation 22A, implementation services may be provided subject to four conditions: (1) No consideration (commission, referral fees, or any indirect benefit) shall be received by the investment adviser or its group or family at any level for the implementation service; (2) Implementation services must be provided only through direct schemes/products in the securities market; (3) No implementation fees shall be charged from the client by the investment adviser, its group, or family; (4) The client is not under any obligation to avail the implementation services offered by the adviser.",,
27,REG_202,regulatory_interpretation,hard,"Regulation 26(2): During the offer period, unless the approval of shareholders of the target company by way of a special resolution by postal ballot is obtained, the board of directors of either the target company or any of its subsidiaries shall not: (a) alienate any material assets outside ordinary course of business; (b) effect any material borrowings outside ordinary course of business; (c) issue or allot any authorised but unissued securities entitling voting rights; (d) implement any buy-back or effect capital structure changes; (e) enter into, amend or terminate material contracts outside ordinary course; (f) accelerate any contingent vesting of rights including ESOPs.","Under Regulation 26(2) of SEBI Takeovers Regulations 2011, what actions is the target company's board of directors prohibited from taking during the offer period without shareholder approval by postal ballot?","The board is prohibited from: (a) alienating material assets outside ordinary course of business; (b) effecting material borrowings outside ordinary course; (c) issuing unissued securities with voting rights; (d) implementing share buy-backs or changing capital structure; (e) entering into, amending or terminating material contracts outside ordinary course; and (f) accelerating any contingent vesting of rights such as ESOPs.",,
28,REG_175,regulatory_interpretation,hard,"Regulation 16(2): If the client does not co-operate with the credit rating agency so as to enable the credit rating agency to comply with its obligations under regulation 15, the credit rating agency shall carry out the review on the basis of the best available information or in the manner as specified by the Board from time to time. Provided that if owing to such lack of co-operation, a rating has been based on the best available information, the credit rating agency shall disclose to the investors the fact that the rating is so based. (3) A credit rating agency shall not withdraw a rating so long as the obligations under the security rated by it are outstanding, except where the company wh","What must a credit rating agency do if a client fails to cooperate during the rating review process under SEBI (CRA) Regulations, 1999? Can a CRA withdraw a rating while the security's obligations are outstanding?","Under Regulation 16(2), if a client fails to cooperate, the CRA must still carry out the review on the basis of best available information (or as specified by the Board), and must disclose to investors that the rating is based on best available information due to lack of client cooperation. Under Regulation 16(3), a CRA may not withdraw a rating so long as the obligations under the rated security are outstanding — withdrawal is only permitted if the rated company is wound up, or merged/amalgamated with another company (or as otherwise specified by the Board).",,
29,REG_165,regulatory_interpretation,hard,"Regulation 16(1)(c): Category I Alternative Investment Funds shall not borrow funds directly or indirectly or engage in any leverage for the purpose of making investments or otherwise, except for borrowing funds to meet temporary funding requirements and day-to-day operational requirements for not more than thirty days, on not more than four occasions in a year and not more than ten percent of the investable funds.","Under what conditions may a Category I Alternative Investment Fund borrow funds under SEBI AIF Regulations, 2012? What are the specific restrictions on such borrowing?","Under Regulation 16(1)(c), Category I AIFs shall not borrow funds or engage in leverage for investment purposes. The only permitted borrowing is for temporary funding requirements and day-to-day operational requirements, subject to three cumulative conditions: (1) borrowing shall not be for more than thirty days at a time; (2) borrowing shall not occur on more than four occasions in a year; and (3) borrowing shall not exceed ten percent of the investable funds.",,
30,REG_182,regulatory_interpretation,hard,"Regulation 27(1): No credit rating agency shall rate a security issued by an entity which is — (a) a borrower of its promoter; or (b) a subsidiary of its promoter; or (c) an associate of its promoter, if there are common Chairman, Directors between credit rating agency and these entities, or common employees, or common Chairman, Directors, Employees on the rating committee. (2) No credit rating agency shall rate a security issued by its associate or subsidiary, if the credit rating agency or its rating committee has a Chairman, director or employee who is also a Chairman, director or employee of any such entity.","What conflict-of-interest restrictions apply to the rating of securities of promoter-connected entities under SEBI (CRA) Regulations, 1999?","Under Regulation 27(1), a CRA shall not rate securities of: (a) a borrower of its promoter; (b) a subsidiary of its promoter; or (c) an associate of its promoter — if there are common Chairmen, directors, or employees between the CRA and such entities, or common persons on the rating committee. Under Regulation 27(2), a CRA shall also not rate securities of its own associate or subsidiary if the CRA or its rating committee shares a Chairman, director, or employee with such entities.",,
31,NUM_104,numerical_reasoning,medium,"Seventh Schedule. 4. A scheme may invest in another scheme under the same asset management company or any other mutual fund without charging any fees, provided that aggregate inter-scheme investment made by all schemes under the same management or in schemes under the management of any other asset management company shall not exceed 5% of the net asset value of the mutual fund.","The total NAV of all schemes managed by an AMC is Rs2,000 crore. What is the maximum aggregate investment these schemes may collectively make in other mutual fund schemes?","Rs100 crore (5% of Rs2,000 crore)",,
32,NUM_085,numerical_reasoning,medium,"Foreign Exchange Reserves: Gold — As on Mar. 13, 2026: ₹12,08,169 crore / US$ 130,681 million. Variation over Year: ₹5,60,895 crore / US$ 56,289 million.","What was the value of India's gold reserves as on March 13, 2026 in US dollar terms, and what was the increase over the year?","Gold reserves as on March 13, 2026: US$ 130,681 million. Increase over the year: US$ 56,289 million.",,
33,NUM_070,numerical_reasoning,medium,"Illustration 1: Net profit (PAT) for FY 20X1-X2 (A): ₹17,000 crore. Maximum Eligible Dividend (i.e., Lower of E or F): 5,500. Maximum Eligible Dividend as percentage of PAT: 32.35%.","In Illustration 1 of the RBI SFB Dividend Directions 2026, the Maximum Eligible Dividend is ₹5,500 crore and the PAT is ₹17,000 crore. What is the Maximum Eligible Dividend as a percentage of PAT?","32.35%. Calculation: (₹5,500 ÷ ₹17,000) × 100 = 32.35%.",,
34,NUM_105,numerical_reasoning,medium,"Seventh Schedule. 10. No mutual fund scheme shall invest more than 10 per cent of its NAV in the equity shares or equity related instruments of any entity: Provided that, the limit of 10 per cent shall not be applicable for investments in case of index fund or exchange traded fund or sector or industry specific scheme.","A mutual fund scheme (non-index, non-ETF) has NAV of Rs800 crore. What is the maximum investment it may make in equity shares of any single entity?",Rs80 crore (10% of Rs800 crore NAV),,
35,NUM_008,numerical_reasoning,medium,"A share shall be deemed to be frequently traded if the traded turnover on any stock exchange during the twelve calendar months preceding the calendar month in which the public announcement is required to be made under these regulations, is at least ten per cent of the total number of shares of such class of the target company. Where the acquirer or persons acting in concert with him acquires shares of the target company during the period of twenty-six weeks after the tendering period at a price higher than the offer price, the acquirer shall pay to all shareholders who accepted the open offer, the difference between the highest price paid during the twenty-six weeks period and the offer pric","Under SEBI Takeover Regulations 2011, if an acquirer pays Rs. 250 per share in an open offer but then buys shares in the open market at Rs. 300 per share within the twenty-six-week post-tendering period, what additional amount per share must be paid to shareholders who accepted the open offer?",Rs. 50 per share (Rs. 300 highest price minus Rs. 250 offer price = Rs. 50 difference),,
36,NUM_004,numerical_reasoning,hard,"The Manager or Sponsor shall have a continuing interest in the Alternative Investment Fund of not less than two and half percent of the corpus or five crore rupees, whichever is lower. For Category III Alternative Investment Fund, the continuing interest shall be not less than five percent of the corpus or ten crore rupees, whichever is lower. Each scheme of the Alternative Investment Fund shall have corpus of at least twenty crore rupees.","For a Category I AIF with a scheme corpus of exactly twenty crore rupees, what is the minimum continuing interest the Manager or Sponsor must maintain — in crore rupees — as per SEBI AIF Regulations 2012?","0.50 crore rupees (2.5% of 20 crore = 0.50 crore, which is lower than 5 crore)",,
37,NUM_005,numerical_reasoning,hard,"The asset management company shall repay the amount at the rate of fifteen per cent per annum for the period of delay to the unitholders, as the case may be. Any borrowing by a scheme shall not exceed twenty per cent of the net assets of the scheme and the duration of such borrowing shall not exceed six months.","If a mutual fund scheme with net assets of 500 crore rupees borrows the maximum permissible amount for the maximum permissible duration, what is the interest liability at the penalty rate of 15% per annum for the maximum 6-month borrowing period?",7.5 crore rupees (20% of 500 = 100 crore borrowed; 15% per annum for 6 months = 7.5% of 100 = 7.5 crore),,
38,NUM_096,numerical_reasoning,hard,"Annex I: Illustration 3: Computation of maximum eligible dividend for FY 20X1-X2. Net profit (PAT) for FY 20X1-X2 (A): Rs1,500 crore. Net NPAs as on March 31, 20X2 (B): Rs300 crore. Adjusted PAT, i.e., (C) = (A) - 50% of (B): Rs1,350 crore. Tier 1 capital ratio as on March 31, 20X1 (D): 24.36% (falls in Bucket B10). 75% of PAT (E): Rs1,125 crore. Maximum payable as per Table (100% of 1,350) (F): Rs1,350 crore. Maximum Eligible Dividend (G = Lower of E or F): Rs1,125 crore. Interim dividend paid for FY 20X1-20X2 (H): Rs500 crore. As the bank has already paid interim dividend of Rs500 crore, the final dividend shall not be more than (G) - (H).","In Illustration 3, a bank has PAT of Rs1,500 crore, Net NPA of Rs300 crore, Tier 1 ratio of 24.36%, and has already paid interim dividend of Rs500 crore. What is the maximum final dividend it may pay?","Rs625 crore (maximum eligible dividend of Rs1,125 crore minus interim dividend already paid of Rs500 crore)",,
39,NUM_086,numerical_reasoning,hard,The maximum limit of any buy-back shall be twenty-five per cent or less of the aggregate of paid-up capital and free reserves of the company. The ratio of the aggregate of secured and unsecured debts owed by the company to the paid-up capital and free reserves after buy-back shall be less than or equal to 2:1.,"A company has paid-up capital and free reserves of ₹500 crore before a buy-back. What is the maximum amount it can buy back, and what is the maximum total debt it can carry after the buy-back?",Maximum buy-back amount: ₹125 crore (25% × ₹500 crore). Maximum debt after buy-back: ₹750 crore assuming free reserves after buyback are ₹375 crore (2:1 ratio applied to remaining capital of ₹375 crore = ₹750 crore debt).,,
40,NUM_009,numerical_reasoning,hard,The tenure of warrants issued in an initial public offer shall not exceed eighteen months from the date of their allotment. The warrant holder shall exercise the option to acquire equity shares against each warrant within three months from the date of payment of warrant exercise price. At least twenty-five per cent. of the warrant consideration shall be paid upfront and disclosed in the offer document.,"Under SEBI ICDR Regulations 2018, if a warrant is allotted on 1 January 2024, what is the latest calendar date on which the warrant holder can exercise the option to acquire equity shares, assuming the warrant exercise price is paid on the last permissible day?",1 October 2025 (warrant tenure ends 18 months from allotment = 1 July 2025; exercise option within 3 months from payment = 1 October 2025),,
41,NUM_132,numerical_reasoning,easy,"Regulation 3(2): No acquirer who together with persons acting in concert holds 25% or more but less than the maximum permissible non-public shareholding, shall acquire within any financial year additional shares or voting rights entitling them to exercise more than five per cent of the voting rights, unless an open offer is made.",An acquirer holds 28% voting rights in a listed company with 10 crore total shares outstanding. What is the maximum number of additional shares they can acquire in financial year 2024-25 without triggering a mandatory open offer under Regulation 3(2)?,5% of 10 crore = 50 lakh shares.,,
42,NUM_087,numerical_reasoning,easy,"Eligibility criteria. 7. Explanation: For the purposes of this clause 'sound track record' shall mean the sponsor should— (iv) have net profit after providing for depreciation, interest and tax in each of the immediately preceding five years; and (v) have average net annual profit after depreciation, interest and tax during the immediately preceding five years of at least rupees ten crore.","What is the minimum average net annual profit (after depreciation, interest and tax) that a sponsor must demonstrate over the immediately preceding five years to satisfy the sound track record requirement under SEBI (Mutual Funds) Regulations, 1996?",At least rupees ten crore,,
43,NUM_112,numerical_reasoning,easy,"Regulation 28A(1): The Board may, exempt any person or class of persons from the operation of all or any of the provisions of these regulations for a period as may be specified but not exceeding twelve months, for furthering innovation relating to testing new products, processes, services, business models, etc. in live environment of regulatory sandbox in the securities markets.","A fintech company seeks a regulatory sandbox exemption from SEBI under the SEBI (Investment Advisers) Regulations, 2013. SEBI grants an initial exemption of 8 months. If SEBI grants an extension, what is the maximum total duration of the regulatory sandbox exemption permissible under these regulations?","Under Regulation 28A(1), a regulatory sandbox exemption may be granted for a period not exceeding twelve months. Regardless of extensions, the total exemption duration cannot exceed 12 months. Even though an initial 8-month exemption was granted, the maximum total duration permissible is 12 months. Any extension beyond the initial 8 months can be for at most 4 more months.",,
44,NUM_090,numerical_reasoning,easy,"Eligibility criteria for appointment of asset management company. 21. (1)(f) Provided further that an asset management company of a mutual fund eligible to launch only infrastructure debt fund schemes, shall have a networth of not less than rupees ten crore.",What is the minimum networth required for an AMC that is only eligible to launch infrastructure debt fund schemes?,Not less than rupees ten crore,,
45,NUM_080,numerical_reasoning,easy,"Auction Week 1 (April 01-03, 2026): ₹29,000 crore — (i) 15 Year for ₹17,000 crore (ii) 50 Year for ₹12,000 crore.
Auction Week 2 (April 06-10, 2026): ₹34,000 crore — (i) 10 Year for ₹34,000 crore.","In the GoI securities issuance calendar for H1 FY2026-27, what is the combined amount to be auctioned in the first two auction weeks (April 01-03 and April 06-10, 2026)?","₹63,000 crore. Calculation: ₹29,000 (Week 1) + ₹34,000 (Week 2) = ₹63,000 crore.",,
46,CON_074,contradiction_detection,medium,"PASSAGE A:
Regulation 7(1): The open offer for acquiring shares to be made by the acquirer and persons acting in concert under regulation 3 and regulation 4 shall be for at least twenty six per cent of total shares of the target company.

PASSAGE B:
Regulation 7(2): The open offer made under regulation 6 (voluntary offer) shall be for acquisition of at least such number of shares as would entitle the holder thereof to exercise an additional ten per cent of the voting rights in the target company.",Is there a contradiction between Regulation 7(1) and Regulation 7(2) about the minimum open offer size under SEBI Takeovers Regulations 2011?,No,,
47,CON_052,contradiction_detection,medium,"PASSAGE A:
A mutual fund scheme shall not invest more than 5% of its NAV in the unlisted equity shares or equity related instruments in case of open ended scheme and 10% of its NAV in case of close ended scheme.

PASSAGE B:
All investments by a mutual fund scheme in equity shares and equity related instruments shall only be made provided such securities are listed or to be listed.",Do Passage A and Passage B permit mutual fund schemes to hold any unlisted equity instruments?,No,,
48,CON_039,contradiction_detection,medium,"PASSAGE A:
Revised Press Release (March 21, 2026) — Uttarakhand: 1000 (09 year), 1000 (20 year), 1500 (18 year). Total Uttarakhand (revised): 3500 crore.

PASSAGE B:
Original Press Release (March 20, 2026) — Uttarakhand: 1000 (09 year), 1000 (20 year), 1280 (18 year). Total Uttarakhand (original): 3280 crore.","Do the original and revised press releases state the same borrowing amount for Uttarakhand's 18-year tenor securities in the March 24, 2026 auction?",No,,
49,CON_062,contradiction_detection,medium,"PASSAGE A:
Regulation 2(1)(pa) (before November 2025 amendment): 'large value fund for accredited investors' means an Alternative Investment Fund or scheme of an Alternative Investment Fund in which each investor (other than the Manager, Sponsor, employees or directors of the Alternative Investment Fund or employees or directors of the Manager) is an accredited investor and invests not less than seventy crore rupees.

PASSAGE B:
Regulation 2(1)(pa) (as amended w.e.f. 19-11-2025): 'large value fund for accredited investors' means an Alternative Investment Fund or scheme of an Alternative Investment Fund in which each investor (other than the Manager, Sponsor, employees or directors of the Alternative Investment Fund or emplo",Does the original definition of 'large value fund for accredited investors' and the November 2025-amended definition impose the same minimum investment threshold per investor?,No,,
50,CON_034,contradiction_detection,medium,"PASSAGE A:
The auction will be conducted using multiple price method.

PASSAGE B:
For uniform price-based auction, bids will get accepted at the cut off yield/price accepted in the auction.","Does the GoI dated securities auction announced on March 28, 2026 use a uniform price method where all successful bidders receive securities at the same cut-off price?",No,,
51,CON_066,contradiction_detection,easy,"PASSAGE A:
Regulation 8(2) (pre-2016, as inserted by 2011 Amendment): The certificate of initial registration granted under sub-regulation (1) shall be valid for a period of five years from the date of its issue to the applicant.

PASSAGE B:
Regulation 8(2) (as substituted w.e.f. 08-12-2016): The certificate of registration granted under sub-regulation (1) shall be valid unless it is suspended or cancelled by the Board.",Do these two versions of Regulation 8(2) impose the same validity period for a credit rating agency's certificate of registration?,No,,
52,CON_047,contradiction_detection,easy,"PASSAGE A:
The asset management company has a networth of not less than rupees ten crore.

PASSAGE B:
The asset management company has a networth of not less than rupees fifty crore deployed in assets as may be specified by the Board.",Do Passage A and Passage B set the same minimum networth requirement for an asset management company?,No,,
53,CON_003,contradiction_detection,easy,"PASSAGE A:
The Manager or Sponsor shall have a continuing interest in the Alternative Investment Fund of not less than two and half percent of the corpus or five crore rupees, whichever is lower, in the form of investment in the Alternative Investment Fund and such interest shall not be through the waiver of management fees.

PASSAGE B:
Provided that for Category III Alternative Investment Fund, the continuing interest shall be not less than five percent of the corpus or ten crore rupees, whichever is lower.",Do the two passages prescribe different minimum continuing interest thresholds for Category I/II AIFs versus Category III AIFs under SEBI AIF Regulations 2012?,Yes,,
54,CON_043,contradiction_detection,easy,"PASSAGE A:
""independent research analyst"" means a person whose only business activity is research analysis or preparation and/or publication of research report.

PASSAGE B:
""part-time research analyst"" means an individual or a partnership firm who for consideration, is engaged in the business of providing research services and is also engaged in any other business activity or employment.",Do the definitions of 'independent research analyst' and 'part-time research analyst' under SEBI (Research Analysts) Regulations 2014 describe the same type of professional?,No,,
55,CON_030,contradiction_detection,easy,"PASSAGE A:
Section A of the Directions on implementation of Legal Entity Identifier (LEI) shall come into force with immediate effect.

PASSAGE B:
Section B of the Directions on implementation of Unique Transaction Identifier (UTI) shall come into effect from January 01, 2027.",Do Section A and Section B of the RBI Master Direction on Unique Identifiers in Financial Markets 2026 both come into force on the same date?,No,,
56,CON_005,contradiction_detection,hard,"PASSAGE A:
A recognised stock exchange shall not be eligible for recognition if any person, individually or together with persons acting in concert with such person, acquires or holds or controls more than five per cent of the paid-up equity share capital of the recognised stock exchange without prior written approval of the Board. Provided that the limit of five per cent shall be fifteen per cent in the case of stock exchanges, depositories, banking companies, insurance companies, and public financial ins

PASSAGE B:
A depository shall not be eligible to carry on its activities as a depository if any person, individually or together with persons acting in concert, holds or acquires more than five per cent of the paid-up equity share capital of such depository, unless the prior approval of the Board has been obta",Do the two passages impose different shareholding thresholds triggering mandatory Board approval for acquisitions in recognised stock exchanges versus depositories?,No,,
57,CON_073,contradiction_detection,hard,"PASSAGE A:
Regulation 3(2): No acquirer who together with persons acting in concert holds 25% or more but less than the maximum permissible non-public shareholding shall acquire within any financial year additional shares or voting rights entitling them to exercise more than five per cent of the voting rights, unless an open offer is made.

PASSAGE B:
Regulation 3(2) proviso (inserted by Amendment Regulations, 2020, w.e.f. 16-06-2020): Provided that the acquisition beyond five per cent but upto ten per cent of the voting rights in the target company shall be permitted for the financial year 2020-21 only in respect of acquisition by a promoter pur",Do the main provision and the 2020 proviso of Regulation 3(2) of SEBI Takeovers Regulations 2011 contradict each other about the annual creep acquisition limit?,No,,
58,CON_068,contradiction_detection,hard,"PASSAGE A:
Regulation 14(g) (original): the client shall agree to obtain a rating from at least two different rating agencies for any issue of debt securities whose size is equal to or exceeds, rupees one hundred crores.

PASSAGE B:
Regulation 14(g) (as substituted w.e.f. 27-12-2011): the client shall obtain a rating for any issue of debt securities in accordance with the relevant regulations.",Do the original Regulation 14(g) and the 2011-amended version impose the same mandatory rating requirement for large debt security issues?,No,,
59,CON_007,contradiction_detection,hard,"PASSAGE A:
An application may be withdrawn at any time prior to the communication of the decision of the Board. An applicant who withdraws an application shall not be permitted to make another application in respect of the same default.

PASSAGE B:
In a case where an application was earlier rejected by the Board on the ground that the applicant did not remit the settlement amount within the period specified, such an application may be considered subject to an increase of atleast fifty percent over the settlement amount determined in accordance",Do the two passages contradict each other regarding whether a second settlement application can ever be made for the same default?,No,,
60,CON_050,contradiction_detection,hard,"PASSAGE A:
No asset management company shall deal in securities through any broker associated with the sponsor or a firm which is an associate of a sponsor beyond 5% of the daily gross business of the mutual fund.

PASSAGE B:
An asset management company shall not through any broker associated with the sponsor, purchase or sell securities, which is average of 5 per cent or more of the aggregate purchases and sale of securities made by the mutual fund in all its schemes: Provided further that the aforesaid limit of 5 per c","Do Passage A and Passage B impose the same percentage limit on transactions through sponsor-associated brokers, and is the limit measured over the same time period?",No,,
61,TMP_055,temporal_reasoning,medium,"The original Regulation 45 of SEBI (Mutual Funds) Regulations, 1996 provided: 'The funds of a scheme shall not in any manner be used in option trading or in short selling or carry forward transactions.' This absolute prohibition was substantially modified by the SEBI (Mutual Funds) (Second Amendment) Regulations, 2007 (w.e.f. 31-10-2007) to permit mutual funds to engage in short selling transactions and derivatives transactions on recognised stock exchanges, subject to the framework specified by the Board.","Under the original SEBI (Mutual Funds) Regulations, 1996, were mutual fund schemes permitted to use scheme funds in option trading, short selling, or carry forward transactions?","No. The original Regulation 45 absolutely prohibited the use of scheme funds in option trading, short selling, or carry forward transactions.",,
62,TMP_033,temporal_reasoning,medium,"Government of India (GoI) has announced the sale of two dated securities. GoI specific Notification: F.No.4(1)-B(W&M)/2026 dated March 28, 2026. Auction Date: April 02, 2026 (Thursday). Settlement Date: April 06, 2026 (Monday). When Issued trading period: March 30, 2026 - April 02, 2026.","In chronological order, what are the key dates in the lifecycle of the GoI dated securities auction announced on March 28, 2026?","March 28 (announcement), March 30 – April 02 ('When Issued' trading period), April 02 (auction day, bids submitted), April 06 (settlement, payment by successful bidders).",,
63,TMP_017,temporal_reasoning,medium,"The SEBI (AIF) Regulations, 2012 were the first set of regulations governing the alternative investment fund industry in India in a consolidated manner. The provision permitting social impact funds to issue 'social units' and to raise funds from social investors was inserted by the SEBI (Alternative Investment Funds) (Third Amendment) Regulations, 2022, w.e.f 25.07.2022. Before July 2022, social impact funds could not issue social units under the AIF Regulations.","Under SEBI AIF Regulations, from which date could social impact funds start issuing 'social units' under the AIF regulatory framework?","25 July 2022, following the Third Amendment Regulations, 2022",,
64,TMP_059,temporal_reasoning,medium,"Regulation 7(1)(a) (pre-2020 Amendment): A professional qualification or graduate degree or post-graduate degree or post graduate diploma (minimum two years in duration) in finance, accountancy, business management, commerce, economics, capital market, banking, insurance or actuarial science or other financial services as may be specified from a university or an institution recognized by the Central Government or any State Government or a recognised foreign university or institution or association or a professional qualification by completing a Post Graduate Program in the Securities Market (Investment Advisory) from NISM of a duration not less than one year or a professional qualification b","How did the minimum qualification requirement for individual investment advisers under SEBI IA Regulations change with the 2020 amendment, and what further modification was made in 2025?","Under the original 2013 regulations, Regulation 7(1)(a) required a professional qualification or PG degree/diploma of minimum two years duration specifically in finance, accountancy, business management, commerce, economics, capital markets, banking, insurance, or actuarial science — or a CFA Charter. The SEBI (Investment Advisers) (Amendment) Regulations, 2020 (w.e.f. 30-09-2020) broadened this by permitting any professional qualification or graduate/post-graduate degree or diploma with no restriction on field of study, alongside NISM certification. The SEBI (Investment Advisers) (Second Amendment) Regulations, 2025 (w.e.f. 25-11-2025) further updated Regulation 7(1)(a) to require only a graduate degree (any discipline) or CFA Charter plus relevant NISM certification — removing the old requirement for a finance-specific discipline or work experience.",,
65,TMP_008,temporal_reasoning,medium,"Funds registered as venture capital funds under the Securities and Exchange Board of India (Venture Capital Funds) Regulations, 1996 shall be governed by the said regulations for a period of five years from the commencement of the SEBI (AIF) Regulations, 2012, provided that the existing fund shall not increase the targeted corpus of the fund. Venture capital funds may seek registration under the AIF Regulations as migrated venture capital funds in terms of Chapter III-D, within twelve months of notification of the relevant regulations.","Under SEBI AIF Regulations 2012, how long could funds registered under the earlier SEBI Venture Capital Funds Regulations, 1996 continue to be governed by those older regulations before being required to migrate?","Five years from the commencement of the SEBI (AIF) Regulations, 2012",,
66,TMP_087,temporal_reasoning,medium,"Regulation 8(2)(e) prior to 2025: price for infrequently traded shares was determined by 'the acquirer and the manager to the open offer'. Substituted by the SEBI (SAST) (Amendment) Regulations, 2025, w.e.f. 03-01-2026, to require 'an independent registered valuer'. The same amendment also substituted similar references in Regulation 8(4) and Regulation 9(5). A 9-month transition period was provided for ongoing valuation assignments.","What significant change did the SEBI Takeovers Amendment Regulations, 2025 make to who can conduct share valuations for open offers, and what transitional protection was provided for ongoing assignments?","The 2025 Amendment Regulations, effective January 3, 2026, replaced the requirement that valuations for infrequently traded shares (Regulation 8(2)(e) and 8(4)) and consideration shares (Regulation 9(5)) be done by the acquirer and the manager to the open offer (or an independent merchant banker/chartered accountant with 10 years' experience) with the requirement for an independent registered valuer as defined under section 247 of the Companies Act, 2013. A transition period of 9 months was provided for valuation assignments already underway before the amendment came into force.",,
67,TMP_047,temporal_reasoning,medium,"Under the SEBI (Mutual Funds) Regulations, 1996, the minimum networth requirement for an asset management company was originally set at rupees ten crore. The SEBI (Mutual Funds) (Amendment) Regulations, 2014 (w.e.f. 06-05-2014) substituted this threshold with 'rupees fifty crore', raising the minimum networth requirement substantially. Existing AMCs that did not meet this higher threshold were given three years from the date of notification of the 2014 amendment to increase their networth to the revised limit.","What minimum AMC networth was introduced by the SEBI (Mutual Funds) Amendment Regulations, 2014, replacing the original threshold?",Rupees fifty crore (replacing the original requirement of rupees ten crore),,
68,TMP_083,temporal_reasoning,medium,"Regulation 3(5): For the purpose of this regulation, any reference to 'twenty-five per cent' in case of listed entity which has listed its specified securities on Innovators Growth Platform shall be read as 'forty-nine per cent'. Inserted by the SEBI (Substantial Acquisition of Shares and Takeovers) (Amendment) Regulations, 2021, w.e.f. 05-05-2021. Regulation 1(3): The word 'institutional trading platform' was also substituted to 'Innovators Growth Platform' by the same 2021 amendment.","When did SEBI introduce the higher 49% open offer threshold for entities listed on the Innovators Growth Platform (formerly Institutional Trading Platform), and what changes were made simultaneously?","The Amendment Regulations, 2021, effective May 5, 2021, inserted Regulations 3(5) and 6(4) providing that the 25% mandatory open offer threshold reads as 49% for IGP-listed entities. Simultaneously, the same amendment renamed 'institutional trading platform' to 'Innovators Growth Platform' throughout the regulations.",,
69,TMP_066,temporal_reasoning,medium,"Regulation 2(1)(pa) (inserted by SEBI (AIF) (Third Amendment) Regulations, 2021, w.e.f. 03-08-2021): 'large value fund for accredited investors' means an Alternative Investment Fund or scheme in which each investor is an accredited investor and invests not less than seventy crore rupees. [Renamed to 'Accredited Investors only fund' and updated by SEBI (AIF) (Third Amendment) Regulations, 2025, w.e.f. 19-11-2025.]","When was the concept of 'large value fund for accredited investors' first introduced under SEBI AIF Regulations, 2012, and what was the original minimum investment threshold?","The concept of 'large value fund for accredited investors' was first introduced by the Securities and Exchange Board of India (Alternative Investment Funds) (Third Amendment) Regulations, 2021, with effect from 3 August 2021. The original minimum investment per qualifying investor was not less than Rs seventy crore. This threshold was later reduced to Rs twenty-five crore by the SEBI (AIF) (Third Amendment) Regulations, 2025, w.e.f. 19-11-2025.",,
70,TMP_014,temporal_reasoning,medium,"The term 'sponsor group' was substituted for 'sponsor(s)' by the SEBI (Real Estate Investment Trusts) (Amendment) Regulations, 2016. Prior to this amendment, the relevant provisions referred only to 'sponsors'. The term 'inducted sponsor' was inserted by a subsequent amendment and means any person who has been inducted as a sponsor of the REIT after its initial registration. The term 're-designated sponsor' was further added in a later amendment.",What term was used in SEBI REIT Regulations 2014 before the 2016 amendment replaced it with the broader term 'sponsor group'?,Sponsor(s),,
71,TMP_002,temporal_reasoning,easy,"The minimum promoters' contribution lock-in was originally set at three years from the date of commencement of commercial production or allotment, whichever is later. This was subsequently substituted by the SEBI (Issue of Capital and Disclosure Requirements) (Third Amendment) Regulations, 2021, w.e.f. 13.08.2021, replacing the three-year lock-in with eighteen months from the date of allotment in the initial public offer (except where proceeds are used for capital expenditure).",Which lock-in regime for minimum promoters' contribution applied before 13 August 2021 — three years or eighteen months?,"Three years from the date of commencement of commercial production or date of allotment, whichever is later",,
72,TMP_077,temporal_reasoning,easy,"Chapter IVA (ESG Rating Providers) inserted by SEBI (CRA) (Amendment) Regulations, 2023, w.e.f. 4.07.2023. Regulation 28C: no person shall act as an ESG rating provider unless it has obtained a certificate from the Board.","When was the regulatory framework for ESG rating providers introduced under SEBI (CRA) Regulations, 1999?","The regulatory framework for ESG rating providers was introduced through the insertion of Chapter IVA (comprising Regulations 28A to 28I) by the Securities and Exchange Board of India (Credit Rating Agencies) (Amendment) Regulations, 2023, with effect from 4 July 2023. Prior to this amendment, SEBI (CRA) Regulations, 1999 contained no provisions specifically governing ESG rating providers.",,
73,TMP_069,temporal_reasoning,easy,"Regulation 2(1)(ga) (inserted by SEBI (AIF) (Second Amendment) Regulations, 2023, w.e.f. 15-06-2023): 'Corporate Debt Market Development Fund' means an Alternative Investment Fund set up and making investments in terms of Chapter III-C of these regulations.","When was the Corporate Debt Market Development Fund (CDMDF) category introduced under SEBI AIF Regulations, 2012?","The Corporate Debt Market Development Fund was introduced by the Securities and Exchange Board of India (Alternative Investment Funds) (Second Amendment) Regulations, 2023, with effect from 15 June 2023. The CDMDF is defined as an Alternative Investment Fund set up and making investments in accordance with Chapter III-C of the AIF Regulations.",,
74,TMP_005,temporal_reasoning,easy,"The term 'innovators growth platform' was substituted by the SEBI (ICDR) (Second Amendment) Regulations, 2019, w.e.f 05.04.2019. Prior to its substitution, it was referred to as 'institutional trading platform' and was defined as the trading platform for listing and trading of specified securities of issuers that comply with the eligibility criteria specified in regulation 288. After the amendment, it is defined as the trading platform for listing and trading of specified securities of issuers that comply with the eligibility criteria specified in regulation 283.",What was the name of the trading platform for emerging issuers under SEBI ICDR Regulations before 5 April 2019?,Institutional trading platform,,
75,TMP_042,temporal_reasoning,easy,"Reserve Bank of India will also be conducting switches of dated securities through auction on the third Monday of every month or at more frequent intervals. In case the third Monday is a holiday, switch auction will be conducted on the fourth Monday of the month.","Under the RBI GoI issuance calendar for H1 FY2026-27, if the third Monday of a month is a public holiday, on which day is the switch auction conducted instead?",On the fourth Monday of that month.,,
76,TMP_028,temporal_reasoning,easy,"Section A of the Directions on implementation of Legal Entity Identifier (LEI) shall come into force with immediate effect. Section B of the Directions on implementation of Unique Transaction Identifier (UTI) shall come into effect from January 01, 2027. The Master Direction was issued on March 27, 2026.",Which was implemented first under the RBI Master Direction on Unique Identifiers in Financial Markets 2026 — the LEI framework or the UTI framework?,"The LEI framework (Section A) was implemented first, coming into force with immediate effect from March 27, 2026. The UTI framework (Section B) comes into effect later, on January 01, 2027.",,
77,TMP_057,temporal_reasoning,easy,"Regulation 10 (original, 2013): The certificate of registration granted under regulation 9 shall be valid for a period of five years from the date of its issue. [Amended by SEBI (Change in Conditions of Registration of Certain Intermediaries) (Amendment) Regulations, 2016, w.e.f. 08-12-2016]: The certificate of registration granted under regulation 9 shall be valid till it is suspended or cancelled by the Board.","What was the validity period of an investment adviser's certificate of registration under the original SEBI (Investment Advisers) Regulations, 2013, and when was it changed to perpetual validity?","Under the original 2013 regulations, a certificate of registration was valid for a period of five years from the date of its issue and required renewal thereafter. This was changed to perpetual validity (valid till suspended or cancelled by the Board) by the Securities and Exchange Board of India (Change in Conditions of Registration of Certain Intermediaries) (Amendment) Regulations, 2016, which came into force on 8 December 2016.",,
78,TMP_013,temporal_reasoning,easy,"The SEBI (Mutual Funds) Regulations were originally notified in 1996. The definition of 'NAV' or 'Net Asset Value' was introduced as a defined term as part of later amendments. The definition of 'exit load' was inserted to mean the charge or fee levied by the mutual fund at the time of redemption or switch. The definition of 'total expense ratio' was also introduced, defined as the ratio of total of all expenses charged to the investors of a scheme to its daily net assets.","Which set of SEBI regulations originally established the regulatory framework for mutual funds in India that continues to govern mutual funds today, as reflected in the 2026 consolidated version?","The SEBI (Mutual Funds) Regulations, 1996",,
79,TMP_078,temporal_reasoning,easy,"Regulation 5(l) (inserted by SEBI (CRA) (Amendment) Regulations, 2018, w.e.f. 30-05-2018): the promoter of the credit rating agency, in terms of regulation 4, has a minimum shareholding of 26% in the credit rating agency.","When was the 26% minimum promoter shareholding requirement for credit rating agencies introduced under SEBI (CRA) Regulations, 1999?","The requirement for a minimum promoter shareholding of 26% in a credit rating agency was introduced by the SEBI (Credit Rating Agencies) (Amendment) Regulations, 2018, with effect from 30 May 2018. Prior to this amendment, the SEBI (CRA) Regulations, 1999 did not prescribe any minimum shareholding requirement for promoters. The 2018 amendment inserted Regulation 5(l) (eligibility criterion) and Regulation 9(e) (ongoing condition of certificate) to impose this requirement.",,
80,TMP_073,temporal_reasoning,easy,"Regulation 5(c) (original): the applicant has a minimum net worth of rupees five crores. [Substituted by SEBI (CRA) (Amendment) Regulations, 2018, w.e.f. 30-05-2018]: the applicant has a minimum net worth of rupees twenty five crore.","When was the minimum net worth requirement for credit rating agency applicants under SEBI (CRA) Regulations, 1999 raised, and by how much was it increased?","The minimum net worth requirement was raised by the SEBI (Credit Rating Agencies) (Amendment) Regulations, 2018, with effect from 30 May 2018. The original 1999 regulations set a minimum of Rs five crore. The 2018 amendment increased this to Rs twenty-five crore — a five-fold increase of Rs twenty crore.",,
81,TMP_003,temporal_reasoning,hard,"The SEBI (LODR) Regulations, 2015 were published in the Official Gazette on 2nd September 2015, and shall come into force on the ninetieth day from the date of their publication: Provided that the provisions of sub-regulation (4) of regulation 23 and regulation 31A shall come into force on the date of notification of these regulations. The definition of 'mainstream media' was inserted by the SEBI (LODR) (Second Amendment) Regulations, 2023 w.e.f. 15.7.2023.","Under SEBI LODR Regulations 2015, which provisions came into force on the date of notification itself rather than after the ninety-day waiting period?",Sub-regulation (4) of regulation 23 and regulation 31A,,
82,TMP_010,temporal_reasoning,hard,"The term 'main board' in SEBI LODR Regulations was originally cross-referenced to regulation 106N of the SEBI (ICDR) Regulations, 2009. This cross-reference was substituted by the SEBI (LODR) (Second Amendment) Regulations, 2021 w.e.f. 5.5.2021 to refer instead to regulation 2(ee) of the SEBI (Issue of Capital and Disclosure Requirements) Regulations, 2018.","After May 2021, which regulation number in which SEBI regulations defines the term 'main board' for the purposes of SEBI LODR Regulations 2015?","Regulation 2(ee) of the SEBI (Issue of Capital and Disclosure Requirements) Regulations, 2018",,
83,TMP_045,temporal_reasoning,hard,"Illustration 3: Net profit (PAT) for FY 20X1-X2 (A): ₹1,500 crore. Interim dividend paid for FY 20X1-20X2 (H): ₹500 crore. Maximum Eligible Dividend (G): ₹1,125 crore. As the bank has already paid interim dividend of ₹500 crore, the final dividend shall not be more than (G) - (H).","In Illustration 3 of the RBI SFB Dividend Directions 2026, the bank paid interim dividend during FY 20X1-X2 before declaring the final dividend. What does this sequencing imply about when the Maximum Eligible Dividend constraint applies — at the time of the interim dividend, or cumulatively across both payments?","The constraint applies cumulatively across both payments. The Maximum Eligible Dividend (₹1,125 crore) is the total permitted across the full financial year. Since ₹500 crore has already been paid as interim dividend, the final dividend is capped at the remaining ₹625 crore (₹1,125 - ₹500).",,
84,TMP_085,temporal_reasoning,hard,"Regulation 10(1)(b)(viii): Invocation of pledge by Scheduled Commercial Banks or Public Financial Institutions as a pledgee was listed as an acquisition in the ordinary course of business exempt from open offer obligations. Regulation 29(4) proviso: the disclosure requirement on encumbrance does not apply to a scheduled commercial bank or public financial institution or a housing finance company or a systemically important non-banking financial company as pledgee. The housing finance company and SBNFC exemption was inserted by the Third Amendment Regulations, 2018, w.e.f. 31-12-2018.","When were housing finance companies and systemically important NBFCs added to the list of pledgees exempt from disclosure obligations under the encumbrance provisions of SEBI Takeovers Regulations, and what was the scope of the original exemption?","The original exemption in Regulation 29(4) covered only scheduled commercial banks and public financial institutions acting as pledgees in ordinary business. The Third Amendment Regulations, 2018, effective December 31, 2018, expanded this to also include housing finance companies (registered with NHB, deposit-taking or with asset size of Rs 500 crore or more) and systemically important non-banking financial companies. The expansion recognised the growing role of these institutions as lenders against pledged shares.",,
85,TMP_084,temporal_reasoning,hard,"Regulation 5A was substituted by the SEBI (SAST) (Third Amendment) Regulations, 2021, w.e.f. 6-12-2021. The original Regulation 5A (inserted by the SEBI (Listing of Specified Securities on Institutional Trading Platform) Regulations, 2013) read: 'The acquirer may delist the company in accordance with the Securities and Exchange Board of India (Delisting of Equity Shares) Regulations, 2009.' The new Regulation 5A provides a detailed delisting offer framework referencing the Delisting Regulations, 2021 and includes a two-attempt structure.",How did the SEBI Takeovers Regulations provisions on combined open offer and delisting evolve from 2013 to 2021?,"In 2013, a basic Regulation 5A was inserted allowing an acquirer making an open offer to also delist under the Delisting Regulations, 2009, with specific disclosure conditions. In December 2021, the Third Amendment Regulations substituted the old Regulation 5A with a comprehensive new framework referencing the updated Delisting Regulations, 2021. The new Regulation 5A introduced: (a) detailed conditions for acquirer eligibility; (b) a two-payment structure (indicative price if delisting threshold met, open offer price if not); (c) a two-attempt delisting structure; and (d) updated timelines for withdrawal announcements.",,
86,TMP_068,temporal_reasoning,hard,"Regulation 4(g) (original, pre-2020): the key investment team of the Manager of AIF has adequate experience, with at least one key personnel having not less than five years experience in advising or managing pools of capital or in fund or asset or wealth or portfolio management or in the business of buying, selling and dealing of securities or other financial assets and has relevant professional qualification. [Substituted by SEBI (AIF) (Amendment) Regulations, 2020, w.e.f. 19-10-2020]: team has at least one key personnel with relevant NISM certification AND at least one with professional qualification in finance or CFA Charter.","How did the SEBI (AIF) (Amendment) Regulations, 2020 change the eligibility requirements for the key investment team of an AIF Manager, and what was the significance of this change?","The SEBI (Alternative Investment Funds) (Amendment) Regulations, 2020 (w.e.f. 19-10-2020) substituted Regulation 4(g) to replace the experience-based standard with a certification-based standard. The original requirement was for at least one key personnel to have not less than five years of experience in managing pools of capital or securities plus a relevant professional qualification. The 2020 amendment replaced this with two separate requirements: (i) at least one key personnel must hold a relevant SEBI-specified certification (not a minimum years-of-experience requirement), and (ii) at least one key personnel must hold a finance-related professional qualification or CFA Charter. The same person may fulfill both requirements. The key significance is the shift from experience as the primary criterion to certification as the primary requirement.",,
87,TMP_054,temporal_reasoning,hard,"The original Regulation 47 of SEBI (Mutual Funds) Regulations required: 'Every mutual fund shall ensure that the asset management company computes and carries out valuation of investments made by its scheme(s) in accordance with the investment valuation norms specified in the Eighth Schedule.' This obligation was subsequently moved to Regulation 25(19) and Regulation 47 was substituted by the SEBI (Mutual Funds) (Amendment) Regulations, 2023.","Under the original SEBI (Mutual Funds) Regulations, which regulation required mutual funds to ensure that their AMC computed valuations in accordance with the Eighth Schedule?",Regulation 47,,
88,TMP_056,temporal_reasoning,hard,"SEBI (Mutual Funds) Regulations, 1996: 'The mutual fund having an aggregate of securities which are worth Rs. 10 crores or more, as on the latest balance-sheet date, shall subject to such instructions as may be issued from time to time by the Board settle their transactions entered on or after January 15, 1998, only through dematerialised securities.' (This provision was inserted by the SEBI (Mutual Funds) (Amendment) Regulations, 1998, w.e.f. 12-1-1998.)",From what date were mutual funds with securities worth Rs.10 crore or more required to settle transactions only through dematerialised securities?,"Transactions entered on or after January 15, 1998",,
89,TMP_011,temporal_reasoning,hard,"The SEBI Takeover Regulations 2011 came into force on the thirtieth day from the date of their publication on 23 September 2011. The phrase 'is required to be made under these regulations' in the definition of 'frequently traded shares' was substituted by the SEBI (Substantial Acquisition of Shares and Takeovers) (Second Amendment) Regulations, 2018, w.e.f. 11-09-2018. Prior to this amendment, the phrase read as 'is made'.","Before September 2018, what phrase was used in the SEBI Takeover Regulations 2011 in the definition of 'frequently traded shares' in place of 'is required to be made under these regulations'?",Is made,,
90,TMP_086,temporal_reasoning,hard,"Regulation 30 (continual disclosures) was omitted by the SEBI (SAST) (Second Amendment) Regulations, 2021, w.e.f. 1-4-2022. Prior to omission, Regulation 30 required every person holding 25%+ and all promoters to disclose their aggregate shareholding as of March 31 each year within 7 working days from year-end. Regulation 29(1) was also substituted by the same amendment, shifting from requiring disclosure only by the acquirer doing the acquisition to requiring disclosure by any acquirer (together with PAC) whose aggregate acquisition reaches 5% or more.","What happened to the annual continual disclosure requirement for promoters and major shareholders under SEBI Takeovers Regulations 2011, and when was it removed?","Regulation 30, which required every person holding 25% or more of voting rights and all promoters to disclose their aggregate shareholding as of March 31 each financial year (within 7 working days from year-end), was omitted by the Second Amendment Regulations, 2021, with effect from April 1, 2022. This was part of a broader overhaul of disclosure obligations, including changes to Regulation 29. The annual continual disclosure was likely subsumed into or replaced by disclosure requirements under the Listing Obligations and Disclosure Requirements Regulations, 2015.",,
