id,task_type,difficulty,source_regulation,context,question,your_answer,notes_if_ambiguous
REG_001,regulatory_interpretation,easy,"SEBI (Issue of Capital and Disclosure Requirements) Regulations, 2018","An issuer shall be eligible to make an initial public offer only if: (a) it has net tangible assets of at least three crore rupees, calculated on a restated and consolidated basis, in each of the preceding three full years (of twelve months each), of which not more than fifty per cent. are held in monetary assets; (b) it has an average operating profit of at least fifteen crore rupees, calculated on a restated and consolidated basis, during the preceding three years (of twelve months each), with operating profit in each of these preceding three years; (c) it has a net worth of at least one crore rupees in each of the preceding three full years (of twelve months each), calculated on a restated and consolidated basis.","What is the minimum average operating profit an issuer must have over the preceding three years to be eligible to make an initial public offer under SEBI ICDR Regulations, 2018?",,
REG_002,regulatory_interpretation,easy,"SEBI (Issue of Capital and Disclosure Requirements) Regulations, 2018",An issuer not satisfying the condition stipulated in sub-regulation (1) shall be eligible to make an initial public offer only if the issue is made through the book-building process and the issuer undertakes to allot at least seventy five per cent. of the net offer to qualified institutional buyers and to refund the full subscription money if it fails to do so.,"Under SEBI ICDR Regulations, 2018, what percentage of the net offer must an issuer that does not meet the standard eligibility criteria undertake to allot to qualified institutional buyers?",,
REG_003,regulatory_interpretation,easy,"SEBI (Issue of Capital and Disclosure Requirements) Regulations, 2018","The promoters shall hold at least twenty per cent. of the post-issue capital: Provided that in case the post-issue shareholding of the promoters is less than twenty per cent., alternative investment funds, or foreign venture capital investors, or scheduled commercial banks, or public financial institutions, or insurance companies registered with the Insurance Regulatory and Development Authority of India or any non-individual public shareholder holding at least five per cent. of the post-issue capital may contribute to meet the shortfall in minimum contribution as specified for the promoters, subject to a maximum of ten per cent. of the post-issue capital.","Under SEBI ICDR Regulations, 2018, what is the minimum percentage of post-issue capital that promoters must hold following a public issue?",,
REG_004,regulatory_interpretation,medium,"SEBI (Issue of Capital and Disclosure Requirements) Regulations, 2018","In an issue made through the book building process, the issuer may allocate up to sixty per cent. of the portion available for allocation to qualified institutional buyers to anchor investors in accordance with these regulations. One-third of the anchor investor portion shall be reserved for domestic mutual funds.","Under SEBI ICDR Regulations, 2018, what fraction of the anchor investor portion in a book-built issue is reserved for domestic mutual funds?",,
REG_005,regulatory_interpretation,medium,"SEBI (Issue of Capital and Disclosure Requirements) Regulations, 2018","The minimum promoters' contribution shall be locked in for a period of eighteen months from the date of allotment in the initial public offer. Provided that in case the majority of the issue proceeds excluding the portion of offer for sale is proposed to be utilized for capital expenditure, then the lock-in period shall be three years from the date of allotment in the initial public offer. Promoters' holding in excess of minimum promoters' contribution shall be locked-in for a period of six months from the date of allotment in the initial public offer.","Under SEBI ICDR Regulations, 2018, for how long is the minimum promoters' contribution in an IPO locked-in where the majority of proceeds are to be used for capital expenditure?",,
REG_006,regulatory_interpretation,easy,"SEBI (Issue of Capital and Disclosure Requirements) Regulations, 2018",An anchor investor means a qualified institutional buyer who makes an application for a value of at least ten crore rupees in a public issue on the main board made through the book building process in accordance with these regulations or makes an application for a value of at least two crore rupees for an issue made in accordance with Chapter IX of these regulations.,"What is the minimum application value for an entity to qualify as an anchor investor in a public issue on the main board under SEBI ICDR Regulations, 2018?",,
REG_007,regulatory_interpretation,easy,"SEBI (Substantial Acquisition of Shares and Takeovers) Regulations, 2011","No acquirer shall acquire shares or voting rights in a target company which taken together with shares or voting rights, if any, held by him and by persons acting in concert with him in such target company, entitle them to exercise twenty-five per cent or more of the voting rights in such target company unless the acquirer makes a public announcement of an open offer for acquiring shares of such target company.","Under SEBI Takeover Regulations 2011, at what threshold of voting rights does an acquirer become obligated to make a public announcement of an open offer?",,
REG_008,regulatory_interpretation,medium,"SEBI (Substantial Acquisition of Shares and Takeovers) Regulations, 2011","No acquirer, who together with persons acting in concert with him, has acquired and holds shares or voting rights entitling him to exercise twenty-five per cent or more but less than the maximum permissible non-public shareholding in the target company, shall acquire within any financial year additional shares or voting rights in such target company entitling them to exercise more than five per cent of the voting rights, unless the acquirer makes a public announcement of an open offer for acquiring shares.","Under SEBI Takeover Regulations 2011, an acquirer holding 25% or more in a target company may acquire up to what percentage of additional voting rights in a financial year without triggering an open offer obligation?",,
REG_009,regulatory_interpretation,medium,"SEBI (Alternative Investment Funds) Regulations, 2012","Each scheme of the Alternative Investment Fund shall have corpus of at least twenty crore rupees. The Alternative Investment Fund shall not accept from an investor, an investment of value less than one crore rupees: Provided that in case of investors who are employees or directors of the Alternative Investment Fund or employees or directors of the Manager, the minimum value of investment shall be twenty five lakh rupees.","What is the minimum investment amount an employee or director of the Manager of an Alternative Investment Fund must make in the AIF under SEBI AIF Regulations, 2012?",,
REG_010,regulatory_interpretation,medium,"SEBI (Alternative Investment Funds) Regulations, 2012","The Manager or Sponsor shall have a continuing interest in the Alternative Investment Fund of not less than two and half percent of the corpus or five crore rupees, whichever is lower, in the form of investment in the Alternative Investment Fund and such interest shall not be through the waiver of management fees: Provided that for Category III Alternative Investment Fund, the continuing interest shall be not less than five percent of the corpus or ten crore rupees, whichever is lower.","Under SEBI AIF Regulations, 2012, what is the minimum continuing interest that the Manager or Sponsor must maintain in a Category III Alternative Investment Fund?",,
REG_011,regulatory_interpretation,easy,"SEBI (Listing Obligations and Disclosure Requirements) Regulations, 2015",The audit committee shall have minimum three directors as members. At least two-thirds of the members of audit committee shall be independent directors. All members of audit committee shall be financially literate and at least one member shall have accounting or related financial management expertise. The audit committee shall meet at least four times in a financial year and not more than one hundred and twenty days shall elapse between two consecutive meetings.,"Under SEBI LODR Regulations 2015, what is the maximum permissible gap between two consecutive audit committee meetings?",,
REG_012,regulatory_interpretation,medium,"SEBI (Listing Obligations and Disclosure Requirements) Regulations, 2015","A transaction with a related party shall be considered material if the transaction(s) to be entered into individually or taken together with previous transactions during a financial year, exceeds Rupees one thousand crore or ten per cent. of the annual consolidated turnover of the listed entity as per the last audited financial statements of the listed entity, whichever is lower.","Under SEBI LODR Regulations 2015, a related party transaction is considered material if it exceeds what threshold — Rupees one thousand crore or ten per cent of annual consolidated turnover, whichever is lower?",,
REG_013,regulatory_interpretation,easy,"SEBI (Prohibition of Insider Trading) Regulations, 2015","Every company shall notify the particulars of trades by designated persons to the stock exchange on which the securities are listed within two trading days of receipt of the disclosure or becoming aware of the trade, as the case may be.","Under SEBI PIT Regulations 2015, within how many trading days must a company notify the stock exchange of trades by designated persons after receiving a disclosure?",,
REG_014,regulatory_interpretation,easy,"SEBI (Prohibition of Insider Trading) Regulations, 2015",The compliance officer shall approve or reject the trading plan within two trading days of the submission of the trading plan and communicate to the designated person. No trade shall be executed in terms of a trading plan until there is a cooling-off period of at least sixty days before the commencement of trades under such plan.,"Under SEBI PIT Regulations 2015, what is the mandatory cooling-off period that must elapse before trades can commence under an approved trading plan?",,
REG_015,regulatory_interpretation,hard,"SEBI (Settlement Proceedings) Regulations, 2018","An application in respect of any specified proceeding pending before the Board shall not be considered if it is made after sixty days from the date of service of the notice to show cause issued for initiation of such proceeding. Provided that no such delayed application shall be considered if the application is filed after one hundred and twenty calendar days from the expiry of the period specified in sub-regulation (1) or after the first hearing, whichever is earlier.","Under SEBI Settlement Proceedings Regulations 2018, what is the absolute latest deadline — counted from expiry of the sixty-day window — after which no settlement application in a specified proceeding will be considered?",,
REG_016,regulatory_interpretation,medium,"SEBI (Settlement Proceedings) Regulations, 2018","An applicant who withdraws an application under sub-regulation (1) shall not be permitted to make another application in respect of the same default: Provided that in a case where an application was earlier rejected by the Board on the ground that the applicant did not remit the settlement amount within the period specified, such an application may be considered subject to an increase of atleast fifty percent over the settlement amount determined in accordance with Schedule-II of these Regulations.","Under SEBI Settlement Proceedings Regulations 2018, by what minimum percentage must the settlement amount be increased if an applicant re-applies after rejection due to non-payment of the earlier determined settlement amount?",,
REG_017,regulatory_interpretation,easy,"SEBI (Mutual Funds) Regulations, 1996 (as amended upto 2026)","The Board may issue observations, if any, within 21 working days from the date of filing of the scheme information document. The exit load of an open-ended mutual fund scheme shall not exceed three per cent of the applicable net asset value. Any exit load charged to the investors shall be credited to the respective scheme.","Under SEBI Mutual Funds Regulations, what is the maximum exit load that an open-ended mutual fund scheme can charge investors?",,
REG_018,regulatory_interpretation,easy,"SEBI (Mutual Funds) Regulations, 1996 (as amended upto 2026)","Where the mutual fund fails to receive the minimum subscription amount referred to in the offer document, the asset management company shall refund the subscription amount to the applicants without any exit load. If seventy-five per cent of the unit holders of a scheme pass a resolution for its winding up, the trustees shall wind up such scheme, and shall initiate the winding up process within forty-five calendar days from the date of publication of notice under sub-regulation.","Under SEBI Mutual Funds Regulations, what percentage of unit holders must pass a resolution to trigger the winding up of a mutual fund scheme?",,
REG_019,regulatory_interpretation,easy,"SEBI (Stock Brokers) Regulations, 2026",The trading member/clearing member/self-clearing member/professional clearing member shall comply with the following minimum net worth requirements: Trading Member — 1 crore; Self-Clearing Member — 5 crore; Clearing Member — 15 crore; Professional Clearing Member — 50 crore. The stock broker may act as an underwriter only out of its own net worth/funds and the underwriting obligation shall not exceed twenty times of the net worth.,"Under SEBI Stock Brokers Regulations 2026, what is the minimum net worth requirement for a Professional Clearing Member?",,
REG_020,regulatory_interpretation,easy,"SEBI (Issue and Listing of Non-Convertible Securities) Regulations, 2021",The issuer shall send notice to all the eligible holders of such non-convertible securities and the debenture trustee at least twenty-one days before the date from which such right is exercisable. The period of exercise of the buy-back right shall not be less than three working days.,"Under SEBI NCS Regulations 2021, what is the minimum notice period that an issuer must provide to holders of non-convertible securities before a buy-back right becomes exercisable?",,
REG_021,regulatory_interpretation,easy,"SEBI (Real Estate Investment Trusts) Regulations, 2014",A REIT shall have a minimum asset size of five hundred crore rupees or more for the purpose of issuing units to at least two hundred investors so as to be listed on a recognised stock exchange. The net asset value or NAV means the value of the REIT assets reduced by the external debt divided by the number of outstanding units as on a particular date.,"Under SEBI REIT Regulations 2014, what is the minimum asset size required for a REIT to issue units for listing on a recognised stock exchange?",,
REG_022,regulatory_interpretation,medium,"SEBI (Registrars to an Issue and Share Transfer Agents) Regulations, 2025","Every registrar to an issue and share transfer agent shall maintain the records relating to each issue for a minimum period of eight years after completion of the issue. In the event of cancellation or surrender of the certificate of registration, the registrar shall ensure that all records are transferred to the respective issuer company or another registered share transfer agent within thirty days.","Under SEBI RTI & STA Regulations 2025, for how long must a registrar to an issue maintain records relating to each issue after its completion?",,
REG_023,regulatory_interpretation,medium,"SEBI (Stock Exchanges and Clearing Corporations) Regulations, 2018","A recognised stock exchange shall not be eligible for recognition if any person, individually or together with persons acting in concert with such person, acquires or holds or controls more than five per cent of the paid-up equity share capital of the recognised stock exchange, unless the prior written approval of the Board has been obtained. Provided that the limit of five per cent shall be fifteen per cent in the case of stock exchanges, depositories, banking companies, insurance companies, and public financial institutions.","Under SEBI Stock Exchanges and Clearing Corporations Regulations 2018, what is the maximum shareholding percentage a single entity can hold in a recognised stock exchange without prior written approval of the Board?",,
REG_024,regulatory_interpretation,medium,"SEBI (Credit Rating Agencies) Regulations, 1999","No credit rating agency shall rate a security issued by its promoter. A credit rating agency which has a shareholding in the issuer of the security being rated, of more than ten per cent of the paid-up share capital of that issuer, shall not rate the security. A credit rating agency shall not employ a person who is a director or employee of the issuer whose security is being rated.","Under SEBI Credit Rating Agencies Regulations 1999, above what percentage shareholding in an issuer does a credit rating agency become prohibited from rating that issuer's securities?",,
REG_025,regulatory_interpretation,medium,"SEBI (Depositories and Participants) Regulations, 2018","A depository shall not be eligible to carry on its activities as a depository if any person, individually or together with persons acting in concert, holds or acquires more than five per cent of the paid-up equity share capital of such depository, unless the prior approval of the Board has been obtained for the same. A participant shall be a person registered as a participant under the Act.","Under SEBI Depositories and Participants Regulations 2018, what is the threshold shareholding in a depository that triggers the requirement for prior Board approval?",,
NUM_001,numerical_reasoning,medium,"SEBI (Issue of Capital and Disclosure Requirements) Regulations, 2018","An issuer shall be eligible to make an initial public offer only if: (a) it has net tangible assets of at least three crore rupees, calculated on a restated and consolidated basis, in each of the preceding three full years; (b) it has an average operating profit of at least fifteen crore rupees during the preceding three years, with operating profit in each of these preceding three years; (c) it has a net worth of at least one crore rupees in each of the preceding three full years.","Under SEBI ICDR Regulations 2018, what is the minimum total net tangible assets an eligible issuer must have cumulatively demonstrated across all three preceding years (treating each year's minimum separately)?",,
NUM_002,numerical_reasoning,medium,"SEBI (Issue of Capital and Disclosure Requirements) Regulations, 2018","In an issue made through the book building process, the issuer may allocate up to sixty per cent. of the portion available for allocation to qualified institutional buyers to anchor investors. One-third of the anchor investor portion shall be reserved for domestic mutual funds. The bidding for anchor investors shall open one day before the issue opening date.","If the total portion available for allocation to qualified institutional buyers in a book-built IPO is 900 crore rupees, what is the maximum amount (in crore rupees) that can be allocated to anchor investors who are domestic mutual funds?",,
NUM_003,numerical_reasoning,medium,"SEBI (Stock Brokers) Regulations, 2026",The stock broker may act as an underwriter only out of its own net worth/funds and the underwriting obligation shall not exceed twenty times of the net worth. Trading Member minimum net worth: 1 crore; Self-Clearing Member: 5 crore; Clearing Member: 15 crore; Professional Clearing Member: 50 crore.,"Under SEBI Stock Brokers Regulations 2026, what is the maximum underwriting obligation a Self-Clearing Member can undertake, given its minimum net worth requirement?",,
NUM_004,numerical_reasoning,hard,"SEBI (Alternative Investment Funds) Regulations, 2012","The Manager or Sponsor shall have a continuing interest in the Alternative Investment Fund of not less than two and half percent of the corpus or five crore rupees, whichever is lower. For Category III Alternative Investment Fund, the continuing interest shall be not less than five percent of the corpus or ten crore rupees, whichever is lower. Each scheme of the Alternative Investment Fund shall have corpus of at least twenty crore rupees.","For a Category I AIF with a scheme corpus of exactly twenty crore rupees, what is the minimum continuing interest the Manager or Sponsor must maintain — in crore rupees — as per SEBI AIF Regulations 2012?",,
NUM_005,numerical_reasoning,hard,"SEBI (Mutual Funds) Regulations, 1996 (as amended upto 2026)","The asset management company shall repay the amount at the rate of fifteen per cent per annum for the period of delay to the unitholders, as the case may be. Any borrowing by a scheme shall not exceed twenty per cent of the net assets of the scheme and the duration of such borrowing shall not exceed six months.","If a mutual fund scheme with net assets of 500 crore rupees borrows the maximum permissible amount for the maximum permissible duration, what is the interest liability at the penalty rate of 15% per annum for the maximum 6-month borrowing period?",,
NUM_006,numerical_reasoning,medium,"SEBI (Listing Obligations and Disclosure Requirements) Regulations, 2015",The audit committee shall have minimum three directors as members. At least two-thirds of the members of audit committee shall be independent directors. The audit committee shall meet at least four times in a financial year and not more than one hundred and twenty days shall elapse between two consecutive meetings.,"For a listed entity whose audit committee has the minimum permissible number of members under SEBI LODR Regulations 2015, what is the minimum number of those members who must be independent directors?",,
NUM_007,numerical_reasoning,hard,"SEBI (Settlement Proceedings) Regulations, 2018","An application in respect of any specified proceeding pending before the Board shall not be considered if it is made after sixty days from the date of service of the notice to show cause. Where the application is filed after sixty calendar days from the expiry of the period specified in sub-regulation (1), the settlement amount determined in accordance with Schedule-II shall be increased. No such delayed application shall be considered if the application is filed after one hundred and twenty calendar days from the expiry of the sixty-day period.","Under SEBI Settlement Proceedings Regulations 2018, what is the total maximum number of calendar days from the date of service of a show cause notice within which a settlement application can be filed (including the initial sixty-day window and the additional delayed period)?",,
NUM_008,numerical_reasoning,medium,"SEBI (Substantial Acquisition of Shares and Takeovers) Regulations, 2011","A share shall be deemed to be frequently traded if the traded turnover on any stock exchange during the twelve calendar months preceding the calendar month in which the public announcement is required to be made under these regulations, is at least ten per cent of the total number of shares of such class of the target company. Where the acquirer or persons acting in concert with him acquires shares of the target company during the period of twenty-six weeks after the tendering period at a price higher than the offer price, the acquirer shall pay to all shareholders who accepted the open offer, the difference between the highest price paid during the twenty-six weeks period and the offer price.","Under SEBI Takeover Regulations 2011, if an acquirer pays Rs. 250 per share in an open offer but then buys shares in the open market at Rs. 300 per share within the twenty-six-week post-tendering period, what additional amount per share must be paid to shareholders who accepted the open offer?",,
NUM_009,numerical_reasoning,hard,"SEBI (Issue of Capital and Disclosure Requirements) Regulations, 2018",The tenure of warrants issued in an initial public offer shall not exceed eighteen months from the date of their allotment. The warrant holder shall exercise the option to acquire equity shares against each warrant within three months from the date of payment of warrant exercise price. At least twenty-five per cent. of the warrant consideration shall be paid upfront and disclosed in the offer document.,"Under SEBI ICDR Regulations 2018, if a warrant is allotted on 1 January 2024, what is the latest calendar date on which the warrant holder can exercise the option to acquire equity shares, assuming the warrant exercise price is paid on the last permissible day?",,
NUM_010,numerical_reasoning,medium,"SEBI (Listing Obligations and Disclosure Requirements) Regulations, 2015","The maximum time gap of one hundred and twenty days between any two consecutive board meetings shall apply to listed entities. A listed entity whose paid-up share capital exceeds rupees ten crore or net worth exceeds rupees twenty-five crore, as at the end of the previous financial year, shall comply with the requirement of having at least one woman director on the board of directors.","Under SEBI LODR Regulations 2015, if a listed entity holds its first board meeting on 1 April of a financial year, by what latest date must the second board meeting be held?",,
NUM_011,numerical_reasoning,easy,"SEBI (Alternative Investment Funds) Regulations, 2012","Category III Alternative Investment Funds shall invest not more than ten per cent of the investable funds in an Investee Company directly or through investment in units of other AIFs. The Alternative Investment Fund shall not accept from an investor, an investment of value less than one crore rupees. No scheme of the Alternative Investment Fund shall have more than one thousand investors.","Under SEBI AIF Regulations 2012, if a Category III AIF scheme has investable funds of 500 crore rupees and invests the maximum permissible amount in a single investee company, how much can it invest in that company?",,
NUM_012,numerical_reasoning,easy,"SEBI (Mutual Funds) Regulations, 1996 (as amended upto 2026)",The board of directors of asset management company must comprise at least fifty per cent of independent directors. The custodian in which fifty per cent or more of the directors represent the interest of the mutual fund shall not act as custodian for that mutual fund. An asset management company shall not invest more than ten per cent of the aggregate value of securities purchases or sales during any financial year through any single broker.,"Under SEBI Mutual Funds Regulations, an AMC's board has 8 directors. What is the minimum number who must be independent directors?",,
CON_001,contradiction_detection,medium,"SEBI (ICDR) Regulations, 2008","[PASSAGE A]
The minimum promoters' contribution shall be locked in for a period of three years from the date of commencement of commercial production or date of allotment in the initial public offer, whichever is later.

[PASSAGE B]
The minimum promoters' contribution shall be locked in for a period of eighteen months from the date of allotment in the initial public offer. Provided that in case the majority of the issue proceeds excluding the portion of offer for sale is proposed to be utilized for capital expenditure, then the lock-in period shall be three years from the date of allotment in the initial public offer.",Do the two passages prescribe different lock-in periods for minimum promoters' contribution in the general (non-capital-expenditure) case?,,
CON_002,contradiction_detection,medium,SEBI ICDR 2018 — Promoters' contribution minimum,"[PASSAGE A]
Promoters' holding in excess of minimum promoters' contribution shall be locked-in for a period of six months from the date of allotment in the initial public offer.

[PASSAGE B]
The entire pre-issue capital held by persons other than the promoters shall be locked-in for a period of six months from the date of allotment in the initial public offer.",Do the two passages prescribe different lock-in durations for excess promoters' shares versus non-promoter pre-issue shares in an IPO?,,
CON_003,contradiction_detection,easy,SEBI AIF Regulations 2012 — Category I and II continuing interest,"[PASSAGE A]
The Manager or Sponsor shall have a continuing interest in the Alternative Investment Fund of not less than two and half percent of the corpus or five crore rupees, whichever is lower, in the form of investment in the Alternative Investment Fund and such interest shall not be through the waiver of management fees.

[PASSAGE B]
Provided that for Category III Alternative Investment Fund, the continuing interest shall be not less than five percent of the corpus or ten crore rupees, whichever is lower.",Do the two passages prescribe different minimum continuing interest thresholds for Category I/II AIFs versus Category III AIFs under SEBI AIF Regulations 2012?,,
CON_004,contradiction_detection,easy,SEBI LODR 2015 — Board meeting frequency,"[PASSAGE A]
The maximum time gap of one hundred and twenty days between any two consecutive board meetings shall elapse.

[PASSAGE B]
The audit committee shall meet at least four times in a financial year and not more than one hundred and twenty days shall elapse between two consecutive meetings.",Do the two passages prescribe different maximum permissible gaps between consecutive meetings for the board and the audit committee respectively?,,
CON_005,contradiction_detection,hard,"SEBI (Stock Exchanges and Clearing Corporations) Regulations, 2018","[PASSAGE A]
A recognised stock exchange shall not be eligible for recognition if any person, individually or together with persons acting in concert with such person, acquires or holds or controls more than five per cent of the paid-up equity share capital of the recognised stock exchange without prior written approval of the Board. Provided that the limit of five per cent shall be fifteen per cent in the case of stock exchanges, depositories, banking companies, insurance companies, and public financial institutions.

[PASSAGE B]
A depository shall not be eligible to carry on its activities as a depository if any person, individually or together with persons acting in concert, holds or acquires more than five per cent of the paid-up equity share capital of such depository, unless the prior approval of the Board has been obtained for the same.",Do the two passages impose different shareholding thresholds triggering mandatory Board approval for acquisitions in recognised stock exchanges versus depositories?,,
CON_006,contradiction_detection,medium,SEBI PIT Regulations 2015 — Disclosure timing for designated persons,"[PASSAGE A]
Every company shall notify the particulars of trades by designated persons to the stock exchange on which the securities are listed within two trading days of receipt of the disclosure or becoming aware of the trade.

[PASSAGE B]
Every asset management company shall notify the particulars of such trades to the stock exchange on which the securities are listed in any other manner as may be specified by the Board within two trading days of receipt of the disclosure.",Do the two passages prescribe different disclosure timelines for companies versus asset management companies under SEBI PIT Regulations 2015?,,
CON_007,contradiction_detection,hard,SEBI Settlement Regulations 2018 — On-time application,"[PASSAGE A]
An application may be withdrawn at any time prior to the communication of the decision of the Board. An applicant who withdraws an application shall not be permitted to make another application in respect of the same default.

[PASSAGE B]
In a case where an application was earlier rejected by the Board on the ground that the applicant did not remit the settlement amount within the period specified, such an application may be considered subject to an increase of atleast fifty percent over the settlement amount determined in accordance with Schedule-II of these Regulations.",Do the two passages contradict each other regarding whether a second settlement application can ever be made for the same default?,,
CON_008,contradiction_detection,hard,SEBI Mutual Funds Regulations (2026 version) — Custodian independence,"[PASSAGE A]
Custodian in which the sponsor or its associates hold fifty per cent or more of the voting rights shall not act as a custodian for that mutual fund. A custodian in which fifty per cent or more of the directors represent the interest of the mutual fund shall not act as a custodian for that mutual fund.

[PASSAGE B]
No custodian in which a trustee company or asset management company or sponsor or any of their associates or any of the shareholders of the asset management company holding more than fifty per cent of the paid-up capital of the asset management company, is a director shall function as custodian of the mutual fund.",Do the two passages prescribe different tests for disqualifying a custodian from acting for a mutual fund based on its relationship with the sponsor?,,
CON_009,contradiction_detection,medium,SEBI ICDR 2018 — Net tangible assets monetary asset cap,"[PASSAGE A]
An issuer shall be eligible to make an initial public offer only if it has net tangible assets of at least three crore rupees, of which not more than fifty per cent. are held in monetary assets: Provided that if more than fifty per cent. of the net tangible assets are held in monetary assets, the issuer has utilised or made firm commitments to utilise such excess monetary assets in its business or project.

[PASSAGE B]
Provided further that the limit of fifty per cent. on monetary assets shall not be applicable in case the initial public offer is made entirely through an offer for sale.",Do the two passages collectively indicate that the 50% monetary asset limit always applies to every IPO regardless of its structure?,,
CON_010,contradiction_detection,hard,SEBI NCS Regulations 2021 — Debenture buy-back notice period,"[PASSAGE A]
The issuer shall send notice to all the eligible holders of such non-convertible securities and the debenture trustee at least twenty-one days before the date from which such right is exercisable.

[PASSAGE B]
Where the issuer is unable to obtain the assent of required number of shareholders, the issuer shall redeem that part of the instruments within one month from the last date of the redemption period.",Do the two passages impose the same advance notice period for different types of securities actions under SEBI regulations?,,
CON_011,contradiction_detection,easy,SEBI AIF Regulations 2012 — Social impact fund minimum corpus,"[PASSAGE A]
Each scheme of the social impact fund shall have a corpus of at least five crore rupees.

[PASSAGE B]
Each scheme of the Alternative Investment Fund shall have corpus of at least twenty crore rupees.",Do the two passages prescribe different minimum corpus requirements for social impact funds versus other AIF schemes?,,
CON_012,contradiction_detection,medium,SEBI Takeover Regulations 2011 — General open offer trigger (Regulation 3(1)),"[PASSAGE A]
No acquirer shall acquire shares or voting rights in a target company which taken together with shares held by him and persons acting in concert entitle them to exercise twenty-five per cent or more of the voting rights in such target company unless the acquirer makes a public announcement of an open offer.

[PASSAGE B]
For the purpose of this regulation, any reference to 'twenty-five per cent' in case of a target company which is listed on the Innovators Growth Platform shall be read as 'forty-nine per cent'.",Do the two passages indicate that the same open offer trigger threshold applies to all listed companies regardless of the platform on which they are listed?,,
TMP_001,temporal_reasoning,medium,"SEBI (Issue of Capital and Disclosure Requirements) Regulations, 2018","These regulations may be called the Securities and Exchange Board of India (Issue of Capital and Disclosure Requirements) Regulations, 2018. They shall come into force on the sixtieth day from the date of its publication in the Official Gazette. The definition of 'key managerial personnel' was substituted by the SEBI (Issue of Capital and Disclosure Requirements) (Amendment) Regulations, 2023, w.e.f. 31.01.2023. Prior to its substitution, 'key managerial personnel' referred to officers forming part of the core management team excluding board of directors.","Under SEBI ICDR Regulations, which definition of 'key managerial personnel' is currently in force — the one aligning with Companies Act 2013 sub-section (51) of section 2, or the earlier definition referring to the core management team excluding board members?",,
TMP_002,temporal_reasoning,easy,"SEBI (Issue of Capital and Disclosure Requirements) Regulations, 2018","The minimum promoters' contribution lock-in was originally set at three years from the date of commencement of commercial production or allotment, whichever is later. This was subsequently substituted by the SEBI (Issue of Capital and Disclosure Requirements) (Third Amendment) Regulations, 2021, w.e.f. 13.08.2021, replacing the three-year lock-in with eighteen months from the date of allotment in the initial public offer (except where proceeds are used for capital expenditure).",Which lock-in regime for minimum promoters' contribution applied before 13 August 2021 — three years or eighteen months?,,
TMP_003,temporal_reasoning,hard,"SEBI (Listing Obligations and Disclosure Requirements) Regulations, 2015","The SEBI (LODR) Regulations, 2015 were published in the Official Gazette on 2nd September 2015, and shall come into force on the ninetieth day from the date of their publication: Provided that the provisions of sub-regulation (4) of regulation 23 and regulation 31A shall come into force on the date of notification of these regulations. The definition of 'mainstream media' was inserted by the SEBI (LODR) (Second Amendment) Regulations, 2023 w.e.f. 15.7.2023.","Under SEBI LODR Regulations 2015, which provisions came into force on the date of notification itself rather than after the ninety-day waiting period?",,
TMP_004,temporal_reasoning,medium,"SEBI (Substantial Acquisition of Shares and Takeovers) Regulations, 2011","These regulations shall come into force on the thirtieth day from the date of their publication in the Official Gazette and were published on 23rd September, 2011. The definition of 'Delisting Regulations' was inserted by the SEBI (Substantial Acquisition of Shares and Takeovers) (Third Amendment) Regulations, 2021, w.e.f. 6-12-2021. Previously, the regulations did not contain an explicit definition of 'Delisting Regulations' as a defined term.",Was the term 'Delisting Regulations' a defined term in the SEBI Takeover Regulations 2011 at the time those regulations came into force in October 2011?,,
TMP_005,temporal_reasoning,easy,"SEBI (Issue of Capital and Disclosure Requirements) Regulations, 2018","The term 'innovators growth platform' was substituted by the SEBI (ICDR) (Second Amendment) Regulations, 2019, w.e.f 05.04.2019. Prior to its substitution, it was referred to as 'institutional trading platform' and was defined as the trading platform for listing and trading of specified securities of issuers that comply with the eligibility criteria specified in regulation 288. After the amendment, it is defined as the trading platform for listing and trading of specified securities of issuers that comply with the eligibility criteria specified in regulation 283.",What was the name of the trading platform for emerging issuers under SEBI ICDR Regulations before 5 April 2019?,,
TMP_006,temporal_reasoning,medium,"SEBI (Issue of Capital and Disclosure Requirements) Regulations, 2018","The definition of 'associate' in SEBI ICDR Regulations was substituted by the SEBI (ICDR) (Amendment) Regulations, 2025, w.e.f. 08.03.2025. Prior to its substitution, 'associate' was defined as 'a person which is an associate of the issuer and as defined under the Companies Act, 2013'. After the amendment, 'associate' means a person or any entity which is an associate under sub-section (6) of section 2 of the Companies Act, 2013 or under the applicable accounting standards.",Which amendment to SEBI ICDR Regulations broadened the definition of 'associate' to also include entities qualifying as associates under applicable accounting standards?,,
TMP_007,temporal_reasoning,medium,"SEBI (Listing Obligations and Disclosure Requirements) Regulations, 2015","The definition of 'non-convertible debt securities' in SEBI LODR Regulations was substituted by the SEBI (LODR) (Fifth Amendment) Regulations, 2021 w.e.f. 7.9.2021. Before substitution, clause (t) defined non-convertible debt securities as 'debt securities' as defined under the SEBI (Issue and Listing of Debt Securities) Regulations, 2008. After the amendment, it aligned with the definition under the SEBI (Issue and Listing of Non-Convertible Securities) Regulations, 2021.","Before 7 September 2021, which SEBI regulations were cross-referenced in SEBI LODR Regulations 2015 for the definition of 'non-convertible debt securities'?",,
TMP_008,temporal_reasoning,medium,"SEBI (Alternative Investment Funds) Regulations, 2012","Funds registered as venture capital funds under the Securities and Exchange Board of India (Venture Capital Funds) Regulations, 1996 shall be governed by the said regulations for a period of five years from the commencement of the SEBI (AIF) Regulations, 2012, provided that the existing fund shall not increase the targeted corpus of the fund. Venture capital funds may seek registration under the AIF Regulations as migrated venture capital funds in terms of Chapter III-D, within twelve months of notification of the relevant regulations.","Under SEBI AIF Regulations 2012, how long could funds registered under the earlier SEBI Venture Capital Funds Regulations, 1996 continue to be governed by those older regulations before being required to migrate?",,
TMP_009,temporal_reasoning,medium,"SEBI (Issue of Capital and Disclosure Requirements) Regulations, 2018","The SEBI (ICDR) Regulations, 2018 were amended as follows in relation to the draft letter of offer: Prior to 08.03.2025, the draft letter of offer was required to be filed with the Board. By the SEBI (ICDR) (Amendment) Regulations, 2025 w.e.f. 08.03.2025, the requirement was changed such that the draft letter of offer is filed with the stock exchange(s) instead of the Board.","Under SEBI ICDR Regulations, where was the draft letter of offer filed before the 2025 amendment?",,
TMP_010,temporal_reasoning,hard,"SEBI (Listing Obligations and Disclosure Requirements) Regulations, 2015","The term 'main board' in SEBI LODR Regulations was originally cross-referenced to regulation 106N of the SEBI (ICDR) Regulations, 2009. This cross-reference was substituted by the SEBI (LODR) (Second Amendment) Regulations, 2021 w.e.f. 5.5.2021 to refer instead to regulation 2(ee) of the SEBI (Issue of Capital and Disclosure Requirements) Regulations, 2018.","After May 2021, which regulation number in which SEBI regulations defines the term 'main board' for the purposes of SEBI LODR Regulations 2015?",,
TMP_011,temporal_reasoning,hard,"SEBI (Substantial Acquisition of Shares and Takeovers) Regulations, 2011","The SEBI Takeover Regulations 2011 came into force on the thirtieth day from the date of their publication on 23 September 2011. The phrase 'is required to be made under these regulations' in the definition of 'frequently traded shares' was substituted by the SEBI (Substantial Acquisition of Shares and Takeovers) (Second Amendment) Regulations, 2018, w.e.f. 11-09-2018. Prior to this amendment, the phrase read as 'is made'.","Before September 2018, what phrase was used in the SEBI Takeover Regulations 2011 in the definition of 'frequently traded shares' in place of 'is required to be made under these regulations'?",,
TMP_012,temporal_reasoning,easy,"SEBI (Merchant Bankers) Regulations, 1992","The SEBI (Merchant Bankers) Regulations, 1992 were among the earliest set of SEBI regulations, establishing the regulatory framework for merchant banking in India. The definition of 'principal officer' was amended to require that such person shall have at least five years of experience in merchant banking activities. The definition of 'certificate' was also amended to remove the category classification from the phrase 'certificate of registration', changing it from 'certificate of category registration' to 'certificate of registration'.",The SEBI (Merchant Bankers) Regulations 1992 were enacted under which SEBI Act and year?,,
TMP_013,temporal_reasoning,easy,"SEBI (Mutual Funds) Regulations, 1996 (as amended upto 2026)","The SEBI (Mutual Funds) Regulations were originally notified in 1996. The definition of 'NAV' or 'Net Asset Value' was introduced as a defined term as part of later amendments. The definition of 'exit load' was inserted to mean the charge or fee levied by the mutual fund at the time of redemption or switch. The definition of 'total expense ratio' was also introduced, defined as the ratio of total of all expenses charged to the investors of a scheme to its daily net assets.","Which set of SEBI regulations originally established the regulatory framework for mutual funds in India that continues to govern mutual funds today, as reflected in the 2026 consolidated version?",,
TMP_014,temporal_reasoning,medium,"SEBI (Real Estate Investment Trusts) Regulations, 2014","The term 'sponsor group' was substituted for 'sponsor(s)' by the SEBI (Real Estate Investment Trusts) (Amendment) Regulations, 2016. Prior to this amendment, the relevant provisions referred only to 'sponsors'. The term 'inducted sponsor' was inserted by a subsequent amendment and means any person who has been inducted as a sponsor of the REIT after its initial registration. The term 're-designated sponsor' was further added in a later amendment.",What term was used in SEBI REIT Regulations 2014 before the 2016 amendment replaced it with the broader term 'sponsor group'?,,
TMP_015,temporal_reasoning,easy,"SEBI (Issue of Capital and Disclosure Requirements) Regulations, 2018","The SEBI (ICDR) Regulations 2018 superseded the SEBI (Issue of Capital and Disclosure Requirements) Regulations, 2009. The 2018 regulations were notified on the 60th day from publication. The definition of 'financial year' was inserted by the SEBI (ICDR) (Amendment) Regulations, 2025 w.e.f. 08.03.2025. Prior to this amendment, the ICDR Regulations 2018 did not contain an explicit definition of 'financial year' as a standalone defined term.",Which was enacted earlier — the SEBI (ICDR) Regulations 2009 or the SEBI (ICDR) Regulations 2018?,,
TMP_016,temporal_reasoning,medium,"SEBI (Listing Obligations and Disclosure Requirements) Regulations, 2015","The SEBI LODR Regulations, 2015 were published on 2 September 2015. The provision regarding 'fugitive economic offender' was inserted by the SEBI (LODR) (Sixth Amendment) Regulations, 2018, w.e.f. 16.11.2018, following the enactment of the Fugitive Economic Offenders Act, 2018. Prior to November 2018, the LODR Regulations did not contain any reference to fugitive economic offenders.",In which year was the concept of 'fugitive economic offender' first incorporated into the SEBI LODR Regulations 2015?,,
TMP_017,temporal_reasoning,medium,"SEBI (Alternative Investment Funds) Regulations, 2012","The SEBI (AIF) Regulations, 2012 were the first set of regulations governing the alternative investment fund industry in India in a consolidated manner. The provision permitting social impact funds to issue 'social units' and to raise funds from social investors was inserted by the SEBI (Alternative Investment Funds) (Third Amendment) Regulations, 2022, w.e.f 25.07.2022. Before July 2022, social impact funds could not issue social units under the AIF Regulations.","Under SEBI AIF Regulations, from which date could social impact funds start issuing 'social units' under the AIF regulatory framework?",,
REG_067,regulatory_interpretation,easy,,"The stock exchange, the clearing corporation, the depository or the specified self regulatory organization, as the case may be, shall examine the eligibility of the applicant in terms of these regulations, relevant regulations and the rules, regulations or bye-laws of the concerned stock exchange, clearing corporation, depository or the self regulatory organization and forward the application with the application fees to the Board along with its recommendation as early as possible but not later than thirty days of receipt of the complete application with the specified application fees.",Within how many days must a stock exchange forward a completed registration application to SEBI after receiving it?,,
REG_068,regulatory_interpretation,easy,,Any material change in the information furnished or uploaded under these regulations shall be updated by the intermediary promptly but not later than fifteen days of the occurrence of such change.,"Within how many days must an intermediary update material changes to the information it has furnished or uploaded under SEBI (Intermediaries) Regulations, 2008?",,
REG_069,regulatory_interpretation,easy,,"The intermediary shall make endeavours to redress investor grievances promptly but not later than forty-five days of receipt thereof and when called upon by the Board to do so, shall furnish the details of such complaint and action taken therefor to the Board within the time specified by the Board.","What is the maximum time within which an intermediary must redress investor grievances under SEBI (Intermediaries) Regulations, 2008?",,
REG_070,regulatory_interpretation,easy,,"Where an application is rejected for the reason that it contains false or misleading information, no such opportunity may be given and the applicant shall not make any application for grant of certificate under these regulations or any other regulations for a period of one year from the date of such rejection.",For how long is an applicant barred from making a fresh registration application if their application is rejected for containing false or misleading information?,,
REG_071,regulatory_interpretation,medium,,"A request for prior approval, under clause (a) of sub regulation (1) which is complete in all respects shall be disposed off by the Board within a period of sixty days from the date of receipt of such request and where the decision of the Board has not been communicated to the intermediary within the said period of sixty days, the prior approval shall be deemed to have been granted.","Under SEBI (Intermediaries) Regulations 2008, within how many days must SEBI dispose of a complete prior approval request for change in status or constitution? What is deemed to happen if SEBI fails to communicate its decision within this period?",,
REG_072,regulatory_interpretation,easy,,Each intermediary shall prominently display a photocopy of the certificate at all its offices including branch offices. The intermediary shall also prominently display the name and contact details of the compliance officer to whom complaint may be made in the event of any investor grievance.,"What two things must a SEBI-registered intermediary prominently display at all its offices, including branch offices?",,
REG_073,regulatory_interpretation,medium,,"Subject to compliance with the provisions of the Act, these regulations and the relevant regulations, the certificate granted to an intermediary shall be permanent unless surrendered by the intermediary or suspended or cancelled in accordance with these regulations.",Under what three circumstances can a permanent certificate granted to an intermediary under SEBI (Intermediaries) Regulations 2008 cease to be valid?,,
REG_074,regulatory_interpretation,easy,,"""large value accredited investor"" means an accredited investor who has entered into an agreement with the portfolio manager for a minimum investment amount of ten crore rupees.","What minimum investment amount must an accredited investor commit to a portfolio manager in order to qualify as a 'large value accredited investor' under SEBI (Portfolio Managers) Regulations, 2020?",,
REG_075,regulatory_interpretation,easy,,"The maximum limit of any buy-back shall be twenty-five per cent or less of the aggregate of paid-up capital and free reserves of the company, based on the standalone or consolidated financial statements of the company, whichever sets out a lower amount.","What is the maximum permissible limit for any buy-back as a percentage of the aggregate of paid-up capital and free reserves, and on which financial statements is it based?",,
REG_076,regulatory_interpretation,easy,,"The ratio of the aggregate of secured and unsecured debts owed by the company to the paid-up capital and free reserves after buy-back shall be less than or equal to 2:1, based on the standalone or consolidated financial statements of the company, whichever is lower.","What is the maximum debt-to-capital ratio (secured plus unsecured debts to paid-up capital and free reserves) permitted after a buy-back under SEBI (Buy-Back of Securities) Regulations, 2018?",,
REG_077,regulatory_interpretation,easy,,"A company shall not make any offer of buy-back within a period of one year reckoned from the date of expiry of buyback period of the preceding offer of buy-back, if any.","Under SEBI (Buy-Back of Securities) Regulations 2018, how long must a company wait after the expiry of a preceding buy-back period before making another buy-back offer?",,
REG_078,regulatory_interpretation,medium,,A company may undertake a buy-back of its own shares or other specified securities out of (a) its free reserves; (b) the securities premium account; or (c) the proceeds of the issue of any shares or other specified securities: Provided that no such buy-back shall be made out of the proceeds of an earlier issue of the same kind of shares or same kind of other specified securities.,From which three sources may a company fund a buy-back of its shares under SEBI (Buy-Back of Securities) Regulations 2018? Is there any restriction on using proceeds of an earlier issue?,,
REG_079,regulatory_interpretation,medium,,"No company shall directly or indirectly purchase its own shares or other specified securities: (a) through any subsidiary company including its own subsidiary companies; (b) through any investment company or group of investment companies; or (c) if a default is made by the company in the repayment of deposits...Provided that the buy-back is not prohibited, if the default is remedied and a period of three years has lapsed after such default ceased to subsist.",A company defaulted on repayment of a term loan. The default was remedied. After how long can the company conduct a buy-back?,,
REG_080,regulatory_interpretation,easy,,"""compulsory delisting"" means delisting of equity shares of a company by a recognised stock exchange under Chapter V of these regulations.","How does SEBI (Delisting of Equity Shares) Regulations, 2021 define 'compulsory delisting'?",,
REG_081,regulatory_interpretation,easy,,"""bidding period"" means the period within which shareholders may tender their shares in acceptance of the offer for delisting of equity shares of the company made under these regulations.","What is the 'bidding period' as defined in SEBI (Delisting of Equity Shares) Regulations, 2021?",,
REG_082,regulatory_interpretation,easy,,These regulations shall come into force on the ninetieth day from the date of their publication in the Official Gazette.,"When did the SEBI (Research Analysts) Regulations, 2014 come into force relative to their date of publication?",,
REG_083,regulatory_interpretation,easy,,"""independent research analyst"" means a person whose only business activity is research analysis or preparation and/or publication of research report.","Under SEBI (Research Analysts) Regulations 2014, who qualifies as an 'independent research analyst'?",,
REG_084,regulatory_interpretation,easy,,"These Directions shall be called the Reserve Bank of India (Small Finance Banks - Prudential Norms on Declaration of Dividend) Directions, 2026. These Directions shall come into effect from Financial Year (FY) 2026-27.","From which financial year do the Reserve Bank of India (Small Finance Banks - Prudential Norms on Declaration of Dividend) Directions, 2026 come into effect?",,
REG_085,regulatory_interpretation,easy,,These Directions shall be applicable to Small Finance Banks (SFBs) (hereinafter collectively referred to as 'banks' and individually as a 'bank').,"To which category of banks do the RBI (Small Finance Banks - Prudential Norms on Declaration of Dividend) Directions, 2026 apply?",,
REG_086,regulatory_interpretation,easy,,"A bank which satisfies the eligibility criteria laid down in paragraph 7 above may declare and pay dividend up to the limits prescribed under Table 1 below, but in aggregate not exceeding 75% of the PAT for the period for which the dividend is being proposed.","Under the RBI SFB Dividend Directions 2026, what is the maximum aggregate dividend a Small Finance Bank can declare, regardless of its Tier 1 Capital Ratio bucket?",,
REG_087,regulatory_interpretation,medium,,"The Board of Directors while considering the proposal for declaration of dividend of a bank shall consider the following: (1) The divergence in asset classification and provisioning for Non-Performing Assets (NPAs), including its trend, as observed under supervisory findings of the Reserve Bank; (2) Auditors' Report to the financial statements, including modified opinion or Emphasis of Matter, for the financial year in which the dividend is proposed; (3) Current and projected capital position vis-a-vis applicable regulatory capital requirement; and (4) Long term growth plans.",What four factors must the Board of Directors of a Small Finance Bank consider when evaluating a dividend proposal under the RBI SFB Dividend Directions 2026?,,
REG_088,regulatory_interpretation,easy,,A bank declaring dividend shall report details thereof as per the format prescribed in Annex II. The report shall be furnished to the Department of Supervision of the Reserve Bank within a fortnight of declaration of dividend.,"After declaring a dividend, within what time period must a Small Finance Bank submit its dividend report to the Department of Supervision of the Reserve Bank?",,
REG_089,regulatory_interpretation,easy,,"A bank shall meet the following prudential requirements, to be eligible to declare dividends: (4) The bank shall not be under any explicit restrictions for declaration of dividends from the Reserve Bank or any other authority.","Under the RBI SFB Dividend Directions 2026, is a bank eligible to declare dividends if the Reserve Bank has placed an explicit restriction on it?",,
REG_090,regulatory_interpretation,medium,,'Adjusted Profit After Tax (PAT)' means PAT of the financial year for which the dividend is proposed to be paid minus 50 per cent of Net NPA as on March 31 of the financial year for which the dividend is to be paid.,How is 'Adjusted Profit After Tax (PAT)' defined under the RBI SFB Dividend Directions 2026?,,
REG_091,regulatory_interpretation,easy,,"Section A of the Directions on implementation of Legal Entity Identifier (LEI) shall come into force with immediate effect. Section B of the Directions on implementation of Unique Transaction Identifier (UTI) shall come into effect from January 01, 2027.","Under the RBI Master Direction on Unique Identifiers in Financial Markets 2026, when does the section on Unique Transaction Identifier (UTI) implementation come into effect?",,
REG_092,regulatory_interpretation,easy,,Entities without an LEI code shall not be eligible to undertake transactions in the financial markets regulated by the Reserve Bank. Entities shall ensure that their LEI code is considered current under the rules of the global LEI system and has not lapsed.,"Under the RBI Master Direction on Unique Identifiers 2026, are entities without an LEI code permitted to transact in RBI-regulated financial markets?",,
REG_093,regulatory_interpretation,medium,,"For users / clients undertaking non-derivative foreign exchange transactions, the LEI code shall be applicable only for transactions involving an amount equivalent to or exceeding USD one million or equivalent thereof in other currencies.","For non-derivative foreign exchange transactions, at what minimum transaction amount does the LEI requirement become applicable to users and clients under the RBI Master Direction on Unique Identifiers 2026?",,
REG_094,regulatory_interpretation,easy,,"The Stocks will be issued for a minimum amount of Rs. 10,000/- (nominal) and in multiples of Rs. 10,000/- thereafter.","What is the minimum nominal amount for which Government of India dated securities are issued in the auction, and in what multiples are they issued thereafter?",,
NUM_067,numerical_reasoning,easy,,"'Adjusted Profit After Tax (PAT)' means PAT of the financial year for which the dividend is proposed to be paid minus 50 per cent of Net NPA as on March 31 of the financial year for which the dividend is to be paid.

Illustration 1: Net profit (PAT) for FY 20X1-X2 (A): ₹17,000 crore. Net NPAs as on March 31, 20X2 (B): ₹6,500 crore. Adjusted PAT, i.e., (C) = (A) - 50% of (B).","Using the formula for Adjusted PAT, calculate the Adjusted PAT for a Small Finance Bank with PAT of ₹17,000 crore and Net NPA of ₹6,500 crore.",,
NUM_068,numerical_reasoning,medium,,"Table 1: Bucket B4 — Tier 1 Capital Ratio as at the end of previous FY: Above 11.5% and up to 13.5% — Dividend allowed as a % of adjusted PAT: 40.

Illustration 1: Tier 1 Capital ratio as on March 31, 20X1 (D): 11.72%. The CET1 ratio falls in bucket B4. Adjusted PAT: ₹13,750 crore. Max payable as per Table 1 (40% of 13,750) (F): 5,500.","A Small Finance Bank has a Tier 1 Capital Ratio of 11.72% and an Adjusted PAT of ₹13,750 crore. According to Table 1 of the RBI SFB Dividend Directions 2026, what is the maximum dividend allowable under the bucket framework?",,
NUM_069,numerical_reasoning,medium,,"A bank which satisfies the eligibility criteria may declare and pay dividend up to the limits prescribed under Table 1 below, but in aggregate not exceeding 75% of the PAT for the period for which the dividend is being proposed.

Illustration 1: Net profit (PAT) for FY 20X1-X2 (A): ₹17,000 crore. 75% of PAT (E): ₹12,750. Max payable as per Table 1 (F): ₹5,500. Maximum Eligible Dividend (i.e., Lower of E or F): 5,500.","Under RBI SFB Dividend Directions 2026, the Maximum Eligible Dividend is the lower of 75% of PAT or the Table 1 limit. For a bank with PAT of ₹17,000 crore and a Table 1 limit of ₹5,500 crore, what is the Maximum Eligible Dividend?",,
NUM_070,numerical_reasoning,medium,,"Illustration 1: Net profit (PAT) for FY 20X1-X2 (A): ₹17,000 crore. Maximum Eligible Dividend (i.e., Lower of E or F): 5,500. Maximum Eligible Dividend as percentage of PAT: 32.35%.","In Illustration 1 of the RBI SFB Dividend Directions 2026, the Maximum Eligible Dividend is ₹5,500 crore and the PAT is ₹17,000 crore. What is the Maximum Eligible Dividend as a percentage of PAT?",,
NUM_071,numerical_reasoning,medium,,"Illustration 3: Net profit (PAT) for FY 20X1-X2 (A): 1500. Net NPAs as on March 31, 20X2 (B): 300. Adjusted PAT, i.e., (C) = (A) - 50% of (B): 1,350. Tier 1 capital ratio as on March 31, 20X1 (D): 24.36%. The CET1 ratio falls in bucket B10. 75% of PAT (E): 1,125. Maximum payable as per Table (100% of 1,350) (F): 1,350. Maximum Eligible Dividend (i.e., G = Lower of E or F): 1,125. Interim dividend paid for FY 20X1-20X2 (H): 500. As the bank has already paid interim dividend of ₹500 crore, the final dividend shall not be more than (G) - (H).","In Illustration 3, a Small Finance Bank has Maximum Eligible Dividend of ₹1,125 crore and has already paid an interim dividend of ₹500 crore. What is the maximum permissible final dividend?",,
NUM_072,numerical_reasoning,easy,,"Illustration 2: Net profit (PAT) for FY 20X1-X2 (A): 40,500 crore. Net NPAs as on March 31, 20X2 (B): 5,000 crore. Adjusted PAT i.e., (C) = (A) - 50% of (B): 38,000 crore. Tier 1 Capital ratio as on March 31, 20X1 (D): 15%. The CET1 ratio falls in bucket B5.","A Small Finance Bank has a PAT of ₹40,500 crore and Net NPA of ₹5,000 crore. What is its Adjusted PAT as defined in the RBI SFB Dividend Directions 2026?",,
NUM_073,numerical_reasoning,hard,,"Illustration 2: Adjusted PAT i.e., (C): 38,000 crore. Tier 1 Capital ratio (D): 15%. The CET1 ratio falls in bucket B5. 75% of PAT (E): 30,375. Max payable as per Table 1 (50% of 38,000) (F): 19,000. Maximum Eligible Dividend (i.e., Lower of E or F): 19,000. Maximum Eligible Dividend as percentage of PAT: 46.91%.","In Illustration 2, with Adjusted PAT of ₹38,000 crore and Bucket B5 (50% limit), what is the maximum dividend allowed per Table 1, and what is 75% of PAT (₹40,500 crore)?",,
NUM_074,numerical_reasoning,medium,,"Government of India (GoI) has announced the sale (re-issue) of two dated securities for a notified amount of ₹29,000 crore as per the following details:
1. 6.68% GS 2040 Jul 07, 2040 — ₹17,000 crore
2. 7.43% GS 2076 Jan 19, 2076 — ₹12,000 crore
Total: ₹29,000 crore
GoI will have the option to retain additional subscription up to ₹2,000 crore against each security mentioned above.","In the GoI dated securities auction announced on March 28, 2026, what is the maximum total amount the Government of India can raise if it exercises the greenshoe option on both securities?",,
NUM_075,numerical_reasoning,medium,,"Government of India (GoI) has announced the sale (re-issue) of two dated securities:
1. 6.68% GS 2040 — ₹17,000 crore, repayment Jul 07, 2040
2. 7.43% GS 2076 — ₹12,000 crore, repayment Jan 19, 2076
Settlement Date: April 06, 2026","In the GoI dated securities auction announced on March 28, 2026, what is the total notified amount for the 7.43% GS 2076 security, and what fraction of the total auction amount does it represent?",,
NUM_076,numerical_reasoning,easy,,"The following State Governments have offered to sell stock by way of auction, for an aggregate amount of ₹57,408 Crore (Face Value).","What is the total aggregate face value amount offered by all State Governments in the revised State Government securities auction announced on March 21, 2026?",,
NUM_077,numerical_reasoning,easy,,"Andhra Pradesh: 1500 (17 year), 1500 (20 year), 900 (25 year) — all yield-based auctions. Total amount to be raised by Andhra Pradesh: 3900 crore.","How much in total is Andhra Pradesh seeking to raise across all three of its securities in the revised State Government auction of March 21, 2026?",,
NUM_078,numerical_reasoning,easy,,"Karnataka: 2000 (05 year), 2000 (08 year), 2000 (10 year and 06 months), 2000 (11 year and 06 months), 2000 (15 year) — all yield-based.","What is the total amount Karnataka is raising across all its five securities in the revised State Government auction of March 24, 2026?",,
NUM_079,numerical_reasoning,easy,,"Calendar for Issuance of Government of India Dated Securities (April 01, 2026 to September 30, 2026). Total: 8,20,000 crore.","What is the total amount of Government of India dated securities to be issued during the first half of FY 2026-27, i.e., April to September 2026?",,
NUM_080,numerical_reasoning,easy,,"Auction Week 1 (April 01-03, 2026): ₹29,000 crore — (i) 15 Year for ₹17,000 crore (ii) 50 Year for ₹12,000 crore.
Auction Week 2 (April 06-10, 2026): ₹34,000 crore — (i) 10 Year for ₹34,000 crore.","In the GoI securities issuance calendar for H1 FY2026-27, what is the combined amount to be auctioned in the first two auction weeks (April 01-03 and April 06-10, 2026)?",,
NUM_081,numerical_reasoning,easy,,"Auction Week 4 (April 20-24, 2026): ₹32,000 crore — (i) 3 Year for ₹11,000 crore (ii) 7 Year for ₹11,000 crore (iii) 30 Year for ₹5,000 crore (iv) 30 Year SGrB for ₹5,000 crore.","In auction week 4 (April 20-24, 2026) of the GoI issuance calendar, what is the combined amount for the two 30-year instruments (regular and Sovereign Green Bond)?",,
NUM_082,numerical_reasoning,easy,,"Foreign Exchange Reserves as on Mar. 13, 2026: Total Reserves — ₹65,61,849 crore / US$ 709,759 million. Variation over Week: ₹ -13,778 crore / US$ -7,052 million.","As on March 13, 2026, what was India's total foreign exchange reserve in US dollar terms, and by how much did it change during the week?",,
NUM_083,numerical_reasoning,easy,,"Scheduled Commercial Banks — Aggregate Deposits as on Feb. 28, 2026: Outstanding: ₹25,190,181 crore. Year-on-Year growth: 2026 — 11.9%.","What was the year-on-year growth rate of aggregate deposits of Scheduled Commercial Banks in India as of February 28, 2026?",,
NUM_084,numerical_reasoning,medium,,"M3: Outstanding as on Feb 28, 2026: ₹30,298,040 crore. Variation over Financial Year 2025-26 so far: Amount ₹30,11,451 crore / 11.0%. Year-on-Year 2026: Amount ₹31,30,192 crore / 11.5%.","As of February 28, 2026, what was the year-on-year growth rate of M3 (broad money supply)?",,
NUM_085,numerical_reasoning,medium,,"Foreign Exchange Reserves: Gold — As on Mar. 13, 2026: ₹12,08,169 crore / US$ 130,681 million. Variation over Year: ₹5,60,895 crore / US$ 56,289 million.","What was the value of India's gold reserves as on March 13, 2026 in US dollar terms, and what was the increase over the year?",,
NUM_086,numerical_reasoning,hard,,The maximum limit of any buy-back shall be twenty-five per cent or less of the aggregate of paid-up capital and free reserves of the company. The ratio of the aggregate of secured and unsecured debts owed by the company to the paid-up capital and free reserves after buy-back shall be less than or equal to 2:1.,"A company has paid-up capital and free reserves of ₹500 crore before a buy-back. What is the maximum amount it can buy back, and what is the maximum total debt it can carry after the buy-back?",,
CON_028,contradiction_detection,easy,,"[PASSAGE A]
Press Release dated March 20, 2026: The following State Governments have offered to sell stock by way of auction, for an aggregate amount of ₹55,688 Crore (Face Value).

[PASSAGE B]
Press Release dated March 21, 2026: The following State Governments have offered to sell stock by way of auction, for an aggregate amount of ₹57,408 Crore (Face Value).","Do the two press releases state the same aggregate amount for the State Government securities auction to be held on March 24, 2026?",,
CON_029,contradiction_detection,easy,,"[PASSAGE A]
Bucket B1: Tier 1 Capital Ratio as at the end of previous FY: Up to 7.5% — Dividend allowed as a % of adjusted PAT for the period: 0.

[PASSAGE B]
Bucket B10: Tier 1 Capital Ratio as at the end of previous FY: Above 19.5% — Dividend allowed as a % of adjusted PAT for the period: 100.",Do Bucket B1 and Bucket B10 permit the same dividend payout as a percentage of Adjusted PAT under the RBI SFB Dividend Directions 2026?,,
CON_030,contradiction_detection,easy,,"[PASSAGE A]
Section A of the Directions on implementation of Legal Entity Identifier (LEI) shall come into force with immediate effect.

[PASSAGE B]
Section B of the Directions on implementation of Unique Transaction Identifier (UTI) shall come into effect from January 01, 2027.",Do Section A and Section B of the RBI Master Direction on Unique Identifiers in Financial Markets 2026 both come into force on the same date?,,
CON_031,contradiction_detection,medium,,"[PASSAGE A]
The maximum limit of any buy-back shall be twenty-five per cent or less of the aggregate of paid-up capital and free reserves of the company.

[PASSAGE B]
buy-back from the open market through stock exchanges...shall be less than fifteen per cent of the paid up capital and free reserves of the company till March 31, 2023.",Do the two passages prescribe the same maximum limit for all buy-back transactions under SEBI Buy-Back of Securities Regulations?,,
CON_032,contradiction_detection,medium,,"[PASSAGE A]
The bank shall not be under any explicit restrictions for declaration of dividends from the Reserve Bank or any other authority.

[PASSAGE B]
The Reserve Bank reserves the right to place restrictions on distribution of dividend where a bank is found to be non-compliant with the applicable laws, regulations / guidelines issued by the Reserve Bank.",Are the two passages contradictory regarding RBI's authority over Small Finance Bank dividend declarations?,,
CON_033,contradiction_detection,medium,,"[PASSAGE A]
Subject to compliance with the provisions of the Act, these regulations and the relevant regulations, the certificate granted to an intermediary shall be permanent unless surrendered by the intermediary or suspended or cancelled in accordance with these regulations.

[PASSAGE B]
Where the certificate was granted for a specified period, an application for grant of certificate under sub-regulation (1) shall be made by the intermediary at least three months prior to the expiry of such period.",Do both passages describe intermediaries who hold permanent certificates under SEBI (Intermediaries) Regulations 2008?,,
CON_034,contradiction_detection,medium,,"[PASSAGE A]
The auction will be conducted using multiple price method.

[PASSAGE B]
For uniform price-based auction, bids will get accepted at the cut off yield/price accepted in the auction.","Does the GoI dated securities auction announced on March 28, 2026 use a uniform price method where all successful bidders receive securities at the same cut-off price?",,
CON_035,contradiction_detection,easy,,"[PASSAGE A]
As hitherto, all the auctions covered by the calendar will have the facility of non-competitive bidding under which five per cent of the notified amount will be reserved for the specified retail investors.

[PASSAGE B]
Government Stock up to 5% of the notified amount for sale of individual security will be allotted to the eligible individuals and institutions under the Scheme for Non-competitive Bidding Facility in the Auctions of Government Securities.",Do both passages state the same percentage of the notified amount reserved for non-competitive bidding in Government Securities auctions?,,
CON_036,contradiction_detection,medium,,"[PASSAGE A]
Any exceptional and / or extra-ordinary profits / income shall not be available for payment of dividend.

[PASSAGE B]
A bank shall not pay dividend out of net unrealised gains arising on fair valuation of Level 3 financial instruments (including derivatives).",Do both passages identify different categories of profits ineligible for dividend payment under RBI SFB Dividend Directions 2026?,,
CON_037,contradiction_detection,medium,,"[PASSAGE A]
""delisting"" means permanent removal of equity shares of the company from the trading platform of a recognised stock exchange, either by way of voluntary or compulsory method.

[PASSAGE B]
A company shall not buy-back its shares or other specified securities so as to delist its shares or other specified securities from the stock exchange.",Do the two passages together suggest that a company can use buy-back as a mechanism to achieve delisting of its shares?,,
CON_038,contradiction_detection,medium,,"[PASSAGE A]
Notwithstanding such repeal, any action taken or purported to have been taken, or initiated under the repealed Directions, instructions, or guidelines shall continue to be governed by the provisions thereof.

[PASSAGE B]
These Directions shall come into effect from Financial Year (FY) 2026-27.",Does the repeal of the 2025 SFB Dividend Directions mean that all actions previously taken under them become immediately invalid from the date the 2026 Directions are issued?,,
CON_039,contradiction_detection,medium,,"[PASSAGE A]
Revised Press Release (March 21, 2026) — Uttarakhand: 1000 (09 year), 1000 (20 year), 1500 (18 year). Total Uttarakhand (revised): 3500 crore.

[PASSAGE B]
Original Press Release (March 20, 2026) — Uttarakhand: 1000 (09 year), 1000 (20 year), 1280 (18 year). Total Uttarakhand (original): 3280 crore.","Do the original and revised press releases state the same borrowing amount for Uttarakhand's 18-year tenor securities in the March 24, 2026 auction?",,
CON_040,contradiction_detection,hard,,"[PASSAGE A]
Entities without an LEI code shall not be eligible to undertake transactions in the financial markets regulated by the Reserve Bank.

[PASSAGE B]
Non-residents that are not legal entities in their country of incorporation (e.g., funds operated by a non-resident parent / management company that are each registered as a Foreign Portfolio Investor) may use the LEI code of the parent / management company.",Does Passage B create an exception to the general rule in Passage A that every entity must have its own LEI code to transact in RBI-regulated financial markets?,,
CON_041,contradiction_detection,hard,,"[PASSAGE A]
The provisions of Chapters V and VI of these regulations shall come into force on the date of publication of these regulations in the Official Gazette.

[PASSAGE B]
These regulations may be called the Securities and Exchange Board of India (Intermediaries) Regulations, 2008. They shall come into force in relation to different classes of intermediaries on such dates as the Board may by notification in the Official Gazette appoint.",Do Chapters V and VI of the SEBI (Intermediaries) Regulations 2008 come into force on the same date as all other chapters of the Regulations?,,
CON_042,contradiction_detection,easy,,"[PASSAGE A]
Bucket B2: Tier 1 Capital Ratio above 7.5% and up to 9.5% — Dividend allowed: 20% of adjusted PAT.

[PASSAGE B]
Bucket B3: Tier 1 Capital Ratio above 9.5% and up to 11.5% — Dividend allowed: 30% of adjusted PAT.","Under the RBI SFB Dividend Directions 2026, do Bucket B2 and Bucket B3 allow the same maximum dividend as a percentage of Adjusted PAT?",,
CON_043,contradiction_detection,easy,,"[PASSAGE A]
""independent research analyst"" means a person whose only business activity is research analysis or preparation and/or publication of research report.

[PASSAGE B]
""part-time research analyst"" means an individual or a partnership firm who for consideration, is engaged in the business of providing research services and is also engaged in any other business activity or employment.",Do the definitions of 'independent research analyst' and 'part-time research analyst' under SEBI (Research Analysts) Regulations 2014 describe the same type of professional?,,
CON_044,contradiction_detection,medium,,"[PASSAGE A]
Auction Week 2 (April 06-10, 2026): ₹34,000 crore — (i) 10 Year for ₹34,000 crore.

[PASSAGE B]
Auction Week 6 (May 04-08, 2026): ₹34,000 crore — (i) 10 Year for ₹34,000 crore.",Do auction weeks 2 and 6 of the GoI issuance calendar for H1 FY2026-27 have the same structure in terms of total amount and securities offered?,,
CON_045,contradiction_detection,hard,,"[PASSAGE A]
buy-back from the open market through the stock exchange shall not be allowed with effect from April 1, 2025.

[PASSAGE B]
A company may buy-back its shares or other specified securities by any one of the following methods: (a) from the existing shareholders on a proportionate basis through the tender offer; (b) from the open market through book-building process; stock exchange.",Do the two passages together indicate that open-market buy-back through stock exchanges is permitted under SEBI (Buy-Back of Securities) Regulations 2018?,,
TMP_028,temporal_reasoning,easy,,"Section A of the Directions on implementation of Legal Entity Identifier (LEI) shall come into force with immediate effect. Section B of the Directions on implementation of Unique Transaction Identifier (UTI) shall come into effect from January 01, 2027. The Master Direction was issued on March 27, 2026.",Which was implemented first under the RBI Master Direction on Unique Identifiers in Financial Markets 2026 — the LEI framework or the UTI framework?,,
TMP_029,temporal_reasoning,medium,,"List of circulars superseded vide Master Direction - Reserve Bank of India (Unique Identifiers in Financial Markets) Directions, 2026: (1) FMRD.FMID No.14/11.01.007/2016-17 dated June 01, 2017; (2) FMRD.FMID.No.10/11.01.007/2018-19 dated November 29, 2018; (3) FMRD.FMID.No.15/11.01.007/2018-19 dated April 26, 2019; (4) FMRD.FMID.No.24/11.01.007/2019-20 dated March 27, 2020; (5) CO.FMRD.MIOD.No.8/11.01.057/2025-26 dated February 18, 2026.","Among the five circulars superseded by the RBI Master Direction on Unique Identifiers 2026, which was the most recently issued before the Master Direction?",,
TMP_030,temporal_reasoning,medium,,"List of circulars superseded: (1) FMRD.FMID No.14/11.01.007/2016-17 dated June 01, 2017; (2) dated November 29, 2018; (3) dated April 26, 2019; (4) dated March 27, 2020; (5) dated February 18, 2026. The Master Direction was issued March 27, 2026.","How many years elapsed between the issuance of the first LEI circular (June 01, 2017) and its supersession by the Master Direction on Unique Identifiers (March 27, 2026)?",,
TMP_031,temporal_reasoning,medium,,"buy-back from the open market through stock exchanges, based on the standalone or consolidated financial statements of the company, whichever sets out a lower amount, shall be less than: (i) fifteen per cent of the paid up capital and free reserves of the company till March 31, 2023; (ii) ten per cent of the paid up capital and free reserves of the company till March 31, 2024; (iii) five per cent of the paid up capital and free reserves of the company till March 31, 2025. Provided further that buy-back from the open market through the stock exchange shall not be allowed with effect from April 1, 2025.","Describe the step-by-step reduction in the maximum open-market buy-back limit through stock exchanges under SEBI Regulations, from 2023 to the final prohibition.",,
TMP_032,temporal_reasoning,medium,,"Annex III — List of circulars repealed: DOR.ACC.REC.118/21-02-067/2025-26, dated November 28, 2025 — Reserve Bank of India (Small Finance Banks - Prudential Norms on Declaration of Dividends) Directions, 2025.

These Directions shall be called the Reserve Bank of India (Small Finance Banks - Prudential Norms on Declaration of Dividend) Directions, 2026. These Directions shall come into effect from Financial Year (FY) 2026-27.",Which set of RBI directions on Small Finance Bank dividend norms was in effect during FY 2025-26 — the 2025 Directions or the 2026 Directions?,,
TMP_033,temporal_reasoning,medium,,"Government of India (GoI) has announced the sale of two dated securities. GoI specific Notification: F.No.4(1)-B(W&M)/2026 dated March 28, 2026. Auction Date: April 02, 2026 (Thursday). Settlement Date: April 06, 2026 (Monday). When Issued trading period: March 30, 2026 - April 02, 2026.","In chronological order, what are the key dates in the lifecycle of the GoI dated securities auction announced on March 28, 2026?",,
TMP_034,temporal_reasoning,easy,,"Press Release dated March 21, 2026 — Auction of State Government Securities (Revised). The auction will be conducted on the Reserve Bank of India Core Banking Solution (E-Kuber) system on March 24, 2026 (Tuesday). Payment by successful bidders will be made during banking hours on March 25, 2026 (Wednesday).","For the State Government securities auction covered in this revised press release, what is the sequence of key events from the announcement to settlement?",,
TMP_035,temporal_reasoning,medium,,"Where a certificate has been granted to an intermediary on a permanent basis, the certificate may continue to be valid under these regulations subject to the condition that the intermediary shall, within two years of commencement of these regulations in relation to such intermediary, furnish the information in Form A to the Board and upload the information in Part I thereof on the website specified by the Board: Provided that the time specified in clause (b) may be extended by the Board up to a period of six months on sufficient reasons being shown by the intermediary.","Under SEBI (Intermediaries) Regulations 2008, an intermediary holding a permanent certificate at the time of commencement of these regulations must furnish Form A information within two years. What is the maximum total time available if SEBI grants an extension?",,
TMP_036,temporal_reasoning,medium,,"These regulations may be called the Securities and Exchange Board of India (Research Analysts) Regulations, 2014. These regulations shall come into force on the ninetieth day from the date of their publication in the Official Gazette. The regulations were published on September 1, 2014.","The SEBI (Research Analysts) Regulations 2014 were published on September 1, 2014. On approximately which date did they come into force?",,
TMP_037,temporal_reasoning,medium,,"Calendar for Issuance of Government of India Dated Securities (April 01, 2026 to September 30, 2026). Auction Week 4 (April 20-24, 2026): ₹32,000 crore — (i) 3 Year for ₹11,000 crore (ii) 7 Year for ₹11,000 crore (iii) 30 Year for ₹5,000 crore (iv) 30 Year SGrB for ₹5,000 crore. Switch auctions will be conducted on the third Monday of every month.","In the GoI securities issuance calendar for H1 FY2026-27, which is the first auction week that includes Sovereign Green Bonds (SGrBs), and what amount is allocated for them?",,
TMP_038,temporal_reasoning,easy,,"These Directions shall be called the Reserve Bank of India (Small Finance Banks - Prudential Norms on Declaration of Dividend) Directions, 2026. These Directions shall come into effect from Financial Year (FY) 2026-27.

Annex III: Circular repealed — DOR.ACC.REC.118/21-02-067/2025-26 dated November 28, 2025.","The RBI SFB Dividend Directions 2026 were issued on March 10, 2026 but take effect from FY 2026-27. Were the 2025 Directions (repealed circular dated November 28, 2025) issued before or after the 2026 Directions were issued?",,
TMP_039,temporal_reasoning,hard,,"UTI shall be generated / reported for all transactions in OTC derivatives market undertaken in terms of the Governing Directions. The directions shall be applicable to OTC derivative transactions entered into on or after the date the directions come into effect. Section B on UTI shall come into effect from January 01, 2027.","A counterparty entered into an OTC derivative transaction on December 15, 2026. Is this transaction subject to the UTI reporting requirements under the RBI Master Direction on Unique Identifiers 2026?",,
TMP_040,temporal_reasoning,hard,,"Where the certificate was granted for a specified period, an application for grant of certificate under sub-regulation (1) shall be made by the intermediary at least three months prior to the expiry of such period or three months prior to expiry of two years from the commencement of these regulations in relation to such intermediary, whichever is earlier and if the intermediary fails to do so, it shall cease to act as an intermediary on and from the expiry of the aforementioned period.","An intermediary's time-limited certificate expires in 18 months from the commencement of the SEBI (Intermediaries) Regulations 2008. Under this provision, when is the earliest date by which it must apply for renewal?",,
TMP_041,temporal_reasoning,medium,,"The Security Council Committee pursuant to resolutions 1267 (1999), 1989 (2011) and 2253 (2015) concerning ISIL (Da'esh), Al Qaida and associated individuals...removed the entry below from the ISIL (Da'esh) and Al Qaida Sanctions List. The entity Al-Nusrah Front was Listed on: 14 May 2014 (amended on 7 Jun. 2017, 5 Jun. 2018, 15 Nov. 2021). The UNSC press release SC/16306 was dated February 27, 2026.","For how long was the Al-Nusrah Front listed on the ISIL (Da'esh) and Al-Qaida Sanctions List before it was removed per the UNSC press release of February 27, 2026?",,
TMP_042,temporal_reasoning,easy,,"Reserve Bank of India will also be conducting switches of dated securities through auction on the third Monday of every month or at more frequent intervals. In case the third Monday is a holiday, switch auction will be conducted on the fourth Monday of the month.","Under the RBI GoI issuance calendar for H1 FY2026-27, if the third Monday of a month is a public holiday, on which day is the switch auction conducted instead?",,
TMP_043,temporal_reasoning,easy,,"For transactions that are reportable in India and in a foreign jurisdiction and the foreign jurisdiction has a sooner reporting timeline, market participants may undertake reasonable efforts to ensure that the UTI is obtained and reported within the reporting deadline for the transaction. In case the market participant is unable to obtain the UTI within the reporting deadline, the market participant may obtain and submit the UTI to CCIL-TR at the earliest thereafter, but in any case, within five Mumbai business days from the date of the transaction.","Under the RBI Master Direction on UTI 2026, if a market participant cannot obtain the UTI in time for a cross-border transaction, what is the maximum additional time allowed to submit the UTI to CCIL-TR?",,
TMP_044,temporal_reasoning,medium,,"A company shall not make any offer of buy-back within a period of one year reckoned from the date of expiry of buyback period of the preceding offer of buy-back, if any. The buy-back period means the period between the date of board of directors resolution or date of declaration of results of the postal ballot for special resolution, as the case may be, to authorize buyback of shares and the date on which payment of consideration to shareholders who have accepted the buyback offer is made.","A company completed its buy-back (i.e., made the final payment to shareholders) on June 15, 2025. What is the earliest date on which it can launch its next buy-back offer?",,
TMP_045,temporal_reasoning,hard,,"Illustration 3: Net profit (PAT) for FY 20X1-X2 (A): ₹1,500 crore. Interim dividend paid for FY 20X1-20X2 (H): ₹500 crore. Maximum Eligible Dividend (G): ₹1,125 crore. As the bank has already paid interim dividend of ₹500 crore, the final dividend shall not be more than (G) - (H).","In Illustration 3 of the RBI SFB Dividend Directions 2026, the bank paid interim dividend during FY 20X1-X2 before declaring the final dividend. What does this sequencing imply about when the Maximum Eligible Dividend constraint applies — at the time of the interim dividend, or cumulatively across both payments?",,
