source,filename,txt_file,pages,word_count,status,error,parsed_at
SEBI,SEBI_1957_securities_contracts_regulations_rules_1957_last_amende_026.pdf,SEBI_1957_securities_contracts_regulations_rules_1957_last_amende_026.txt,35,15877,success,,2026-03-29 13:42:55
SEBI,SEBI_1992_sebi_terms_and_conditions_of_service_of_chairman_and_me_025.pdf,SEBI_1992_sebi_terms_and_conditions_of_service_of_chairman_and_me_025.txt,7,2649,success,,2026-03-29 13:42:58
SEBI,SEBI_1992_securities_and_exchange_board_of_india_merchant_bankers_090.pdf,SEBI_1992_securities_and_exchange_board_of_india_merchant_bankers_090.txt,38,17611,success,,2026-03-29 13:43:16
SEBI,SEBI_1993_securities_and_exchange_board_of_india_debenture_truste_089.pdf,SEBI_1993_securities_and_exchange_board_of_india_debenture_truste_089.txt,33,15727,success,,2026-03-29 13:43:29
SEBI,SEBI_1994_securities_and_exchange_board_of_india_bankers_to_an_is_088.pdf,SEBI_1994_securities_and_exchange_board_of_india_bankers_to_an_is_088.txt,26,10294,success,,2026-03-29 13:43:35
SEBI,SEBI_1996_securities_and_exchange_board_of_india_custodian_regula_086.pdf,SEBI_1996_securities_and_exchange_board_of_india_custodian_regula_086.txt,29,11545,success,,2026-03-29 13:43:41
SEBI,SEBI_1996_securities_and_exchange_board_of_india_mutual_funds_reg_087.pdf,SEBI_1996_securities_and_exchange_board_of_india_mutual_funds_reg_087.txt,162,68240,success,,2026-03-29 13:44:13
SEBI,SEBI_1999_securities_and_exchange_board_of_india_collective_inves_084.pdf,SEBI_1999_securities_and_exchange_board_of_india_collective_inves_084.txt,84,30535,success,,2026-03-29 13:44:29
SEBI,SEBI_1999_securities_and_exchange_board_of_india_credit_rating_ag_085.pdf,SEBI_1999_securities_and_exchange_board_of_india_credit_rating_ag_085.txt,78,22753,success,,2026-03-29 13:44:49
SEBI,SEBI_2000_securities_and_exchange_board_of_india_foreign_venture__083.pdf,SEBI_2000_securities_and_exchange_board_of_india_foreign_venture__083.txt,46,12584,success,,2026-03-29 13:44:56
SEBI,SEBI_2001_sebi_procedure_for_board_meetings_regulations_2001_last_081.pdf,SEBI_2001_sebi_procedure_for_board_meetings_regulations_2001_last_081.txt,8,2231,success,,2026-03-29 13:44:57
SEBI,SEBI_2001_securities_and_exchange_board_of_india_employees_servic_082.pdf,SEBI_2001_securities_and_exchange_board_of_india_employees_servic_082.txt,80,28673,success,,2026-03-29 13:45:41
SEBI,SEBI_2003_sebi_prohibition_of_fraudulent_and_unfair_trade_practic_080.pdf,SEBI_2003_sebi_prohibition_of_fraudulent_and_unfair_trade_practic_080.txt,16,6653,success,,2026-03-29 13:45:45
SEBI,SEBI_2004_securities_and_exchange_board_of_india_self_regulatory__079.pdf,SEBI_2004_securities_and_exchange_board_of_india_self_regulatory__079.txt,24,6576,success,,2026-03-29 13:45:49
SEBI,SEBI_2007_sebi_certification_of_associated_persons_in_the_securit_078.pdf,SEBI_2007_sebi_certification_of_associated_persons_in_the_securit_078.txt,8,2080,success,,2026-03-29 13:45:50
SEBI,SEBI_2008_securities_and_exchange_board_of_india_intermediaries_r_076.pdf,SEBI_2008_securities_and_exchange_board_of_india_intermediaries_r_076.txt,40,17183,success,,2026-03-29 13:46:00
SEBI,SEBI_2008_securities_and_exchange_board_of_india_issue_and_listin_077.pdf,SEBI_2008_securities_and_exchange_board_of_india_issue_and_listin_077.txt,58,25637,success,,2026-03-29 13:46:11
SEBI,SEBI_2009_securities_and_exchange_board_of_india_investor_protect_075.pdf,SEBI_2009_securities_and_exchange_board_of_india_investor_protect_075.txt,8,2989,success,,2026-03-29 13:46:12
SEBI,SEBI_2011_securities_and_exchange_board_of_india_kyc_know_your_cl_074.pdf,SEBI_2011_securities_and_exchange_board_of_india_kyc_know_your_cl_074.txt,20,7543,success,,2026-03-29 13:46:17
SEBI,SEBI_2011_securities_and_exchange_board_of_india_substantial_acqu_073.pdf,SEBI_2011_securities_and_exchange_board_of_india_substantial_acqu_073.txt,79,27014,success,,2026-03-29 13:46:32
SEBI,SEBI_2012_securities_and_exchange_board_of_india_alternative_inve_072.pdf,SEBI_2012_securities_and_exchange_board_of_india_alternative_inve_072.txt,95,32565,success,,2026-03-29 13:46:47
SEBI,SEBI_2013_securities_and_exchange_board_of_india_investment_advis_071.pdf,SEBI_2013_securities_and_exchange_board_of_india_investment_advis_071.txt,41,15444,success,,2026-03-29 13:46:57
SEBI,SEBI_2014_securities_and_exchange_board_of_india_infrastructure_i_091.pdf,SEBI_2014_securities_and_exchange_board_of_india_infrastructure_i_091.txt,173,49937,success,,2026-03-29 13:47:20
SEBI,SEBI_2014_securities_and_exchange_board_of_india_real_estate_inve_069.pdf,SEBI_2014_securities_and_exchange_board_of_india_real_estate_inve_069.txt,174,58194,success,,2026-03-29 13:47:49
SEBI,SEBI_2014_securities_and_exchange_board_of_india_research_analyst_070.pdf,SEBI_2014_securities_and_exchange_board_of_india_research_analyst_070.txt,36,14450,success,,2026-03-29 13:47:57
SEBI,SEBI_2015_securities_and_exchange_board_of_india_issue_and_listin_066.pdf,SEBI_2015_securities_and_exchange_board_of_india_issue_and_listin_066.txt,68,21980,success,,2026-03-29 13:48:09
SEBI,SEBI_2015_securities_and_exchange_board_of_india_listing_obligati_067.pdf,SEBI_2015_securities_and_exchange_board_of_india_listing_obligati_067.txt,224,96005,success,,2026-03-29 13:48:57
SEBI,SEBI_2015_securities_and_exchange_board_of_india_prohibition_of_i_068.pdf,SEBI_2015_securities_and_exchange_board_of_india_prohibition_of_i_068.txt,81,24628,success,,2026-03-29 13:49:14
SEBI,SEBI_2018_securities_and_exchange_board_of_india_buy-back_of_secu_061.pdf,SEBI_2018_securities_and_exchange_board_of_india_buy-back_of_secu_061.txt,51,13723,success,,2026-03-29 13:49:22
SEBI,SEBI_2018_securities_and_exchange_board_of_india_depositories_and_062.pdf,SEBI_2018_securities_and_exchange_board_of_india_depositories_and_062.txt,85,31487,success,,2026-03-29 13:49:40
SEBI,SEBI_2018_securities_and_exchange_board_of_india_issue_of_capital_063.pdf,SEBI_2018_securities_and_exchange_board_of_india_issue_of_capital_063.txt,482,177847,success,,2026-03-29 13:51:04
SEBI,SEBI_2018_securities_and_exchange_board_of_india_settlement_proce_064.pdf,SEBI_2018_securities_and_exchange_board_of_india_settlement_proce_064.txt,67,17728,success,,2026-03-29 13:51:18
SEBI,SEBI_2018_securities_contracts_regulation_stock_exchanges_and_cle_065.pdf,SEBI_2018_securities_contracts_regulation_stock_exchanges_and_cle_065.txt,81,31007,success,,2026-03-29 13:51:37
SEBI,SEBI_2019_securities_and_exchange_board_of_india_foreign_portfoli_060.pdf,SEBI_2019_securities_and_exchange_board_of_india_foreign_portfoli_060.txt,34,13353,success,,2026-03-29 13:51:44
SEBI,SEBI_2020_securities_and_exchange_board_of_india_portfolio_manage_059.pdf,SEBI_2020_securities_and_exchange_board_of_india_portfolio_manage_059.txt,70,16481,success,,2026-03-29 13:51:55
SEBI,SEBI_2021_securities_and_exchange_board_of_india_delisting_of_equ_055.pdf,SEBI_2021_securities_and_exchange_board_of_india_delisting_of_equ_055.txt,45,16301,success,,2026-03-29 13:52:01
SEBI,SEBI_2021_securities_and_exchange_board_of_india_issue_and_listin_056.pdf,SEBI_2021_securities_and_exchange_board_of_india_issue_and_listin_056.txt,81,27078,success,,2026-03-29 13:52:13
SEBI,SEBI_2021_securities_and_exchange_board_of_india_share_based_empl_057.pdf,SEBI_2021_securities_and_exchange_board_of_india_share_based_empl_057.txt,44,14036,success,,2026-03-29 13:52:22
SEBI,SEBI_2021_securities_and_exchange_board_of_india_vault_managers_r_058.pdf,SEBI_2021_securities_and_exchange_board_of_india_vault_managers_r_058.txt,26,6433,success,,2026-03-29 13:52:26
SEBI,SEBI_2024_securities_and_exchange_board_of_india_index_providers__054.pdf,SEBI_2024_securities_and_exchange_board_of_india_index_providers__054.txt,31,7374,success,,2026-03-29 13:52:35
SEBI,SEBI_2025_securities_and_exchange_board_of_india_procedure_for_ma_052.pdf,SEBI_2025_securities_and_exchange_board_of_india_procedure_for_ma_052.txt,7,2812,success,,2026-03-29 13:52:39
SEBI,SEBI_2025_securities_and_exchange_board_of_india_registrars_to_an_053.pdf,SEBI_2025_securities_and_exchange_board_of_india_registrars_to_an_053.txt,43,19465,success,,2026-03-29 13:52:51
SEBI,SEBI_2026_securities_and_exchange_board_of_india_mutual_funds_reg_050.pdf,SEBI_2026_securities_and_exchange_board_of_india_mutual_funds_reg_050.txt,207,75903,success,,2026-03-29 13:53:39
SEBI,SEBI_2026_securities_and_exchange_board_of_india_stock_brokers_re_051.pdf,SEBI_2026_securities_and_exchange_board_of_india_stock_brokers_re_051.txt,50,22141,success,,2026-03-29 13:53:57
SEBI,"SEBI_Feb 04, 20_revision_of_order-to-trade_ratio_otr_framework_020.pdf","SEBI_Feb 04, 20_revision_of_order-to-trade_ratio_otr_framework_020.txt",2,449,success,,2026-03-29 13:53:57
SEBI,"SEBI_Feb 05, 20_creationinvocation_of_pledge_of_securities_through_depo_018.pdf","SEBI_Feb 05, 20_creationinvocation_of_pledge_of_securities_through_depo_018.txt",3,523,success,,2026-03-29 13:53:58
SEBI,"SEBI_Feb 05, 20_review_of_calendar_spread_margin_benefit_in_single_stoc_019.pdf","SEBI_Feb 05, 20_review_of_calendar_spread_margin_benefit_in_single_stoc_019.txt",2,504,success,,2026-03-29 13:53:58
SEBI,"SEBI_Feb 06, 20_reporting_of_value_of_units_of_alternative_investment_f_017.pdf","SEBI_Feb 06, 20_reporting_of_value_of_units_of_alternative_investment_f_017.txt",2,669,success,,2026-03-29 13:53:58
SEBI,"SEBI_Feb 10, 20_obligations_on_cras_while_undertaking_rating_of_financi_016.pdf","SEBI_Feb 10, 20_obligations_on_cras_while_undertaking_rating_of_financi_016.txt",4,987,success,,2026-03-29 13:53:59
SEBI,"SEBI_Feb 11, 20_capacity_planning_and_real_time_performance_monitoring__015.pdf","SEBI_Feb 11, 20_capacity_planning_and_real_time_performance_monitoring__015.txt",4,736,success,,2026-03-29 13:54:00
SEBI,"SEBI_Feb 17, 20_circular_on_forms_for_registration_of_stock_brokers_and_014.pdf","SEBI_Feb 17, 20_circular_on_forms_for_registration_of_stock_brokers_and_014.txt",7,1042,success,,2026-03-29 13:54:01
SEBI,"SEBI_Feb 23, 20_address_by_shri_amarjeet_singh_wtm_sebi_at_the_sebi_pms_049.pdf","SEBI_Feb 23, 20_address_by_shri_amarjeet_singh_wtm_sebi_at_the_sebi_pms_049.txt",3,788,success,,2026-03-29 13:54:01
SEBI,"SEBI_Feb 25, 20_kotak_investor_conference_-_chasing_growth_2026_048.pdf","SEBI_Feb 25, 20_kotak_investor_conference_-_chasing_growth_2026_048.txt",5,1383,success,,2026-03-29 13:54:02
SEBI,"SEBI_Feb 26, 20_categorization_and_rationalization_of_mutual_fund_schem_013.pdf","SEBI_Feb 26, 20_categorization_and_rationalization_of_mutual_fund_schem_013.txt",23,8776,success,,2026-03-29 13:54:07
SEBI,"SEBI_Feb 26, 20_caution_to_investors_on_stock_market_scams_through_acco_047.pdf","SEBI_Feb 26, 20_caution_to_investors_on_stock_market_scams_through_acco_047.txt",2,324,success,,2026-03-29 13:54:07
SEBI,"SEBI_Feb 26, 20_caution_to_the_public_regarding_fake_stt_notices_046.pdf","SEBI_Feb 26, 20_caution_to_the_public_regarding_fake_stt_notices_046.txt",2,333,success,,2026-03-29 13:54:08
SEBI,"SEBI_Feb 26, 20_ease_of_doing_investment_eodi-_disclosure_of_registered_011.pdf","SEBI_Feb 26, 20_ease_of_doing_investment_eodi-_disclosure_of_registered_011.txt",4,1122,success,,2026-03-29 13:54:09
SEBI,"SEBI_Feb 26, 20_valuation_of_physical_gold_and_silver_held_by_mutual_fu_012.pdf","SEBI_Feb 26, 20_valuation_of_physical_gold_and_silver_held_by_mutual_fu_012.txt",2,403,success,,2026-03-29 13:54:09
SEBI,"SEBI_Feb 27, 20_revised_norms_for_appointment_of_an_independent_third-p_010.pdf","SEBI_Feb 27, 20_revised_norms_for_appointment_of_an_independent_third-p_010.txt",4,693,success,,2026-03-29 13:54:09
SEBI,"SEBI_Feb 27, 20_updates_for_implementation_of_section_51a_of_uapa_1967__045.pdf","SEBI_Feb 27, 20_updates_for_implementation_of_section_51a_of_uapa_1967__045.txt",4,937,success,,2026-03-29 13:54:10
SEBI,"SEBI_Jan 16, 20_introduction_of_closing_auction_session_cas_in_the_equi_023.pdf","SEBI_Jan 16, 20_introduction_of_closing_auction_session_cas_in_the_equi_023.txt",12,2216,success,,2026-03-29 13:54:11
SEBI,"SEBI_Jan 16, 20_single_window_automatic_and_generalised_access_for_trus_024.pdf","SEBI_Jan 16, 20_single_window_automatic_and_generalised_access_for_trus_024.txt",4,737,success,,2026-03-29 13:54:12
SEBI,"SEBI_Jan 30, 20_ease_of_doing_investment_and_ease_of_doing_business_doi_021.pdf","SEBI_Jan 30, 20_ease_of_doing_investment_and_ease_of_doing_business_doi_021.txt",6,1389,success,,2026-03-29 13:54:13
SEBI,"SEBI_Jan 30, 20_ease_of_doing_investment_special_window_for_transfer_an_022.pdf","SEBI_Jan 30, 20_ease_of_doing_investment_special_window_for_transfer_an_022.txt",8,1529,success,,2026-03-29 13:54:14
SEBI,"SEBI_Mar 04, 20_guidelines_for_custodians_009.pdf","SEBI_Mar 04, 20_guidelines_for_custodians_009.txt",10,2359,success,,2026-03-29 13:54:15
SEBI,"SEBI_Mar 04, 20_regulatory_reporting_by_aifs_008.pdf","SEBI_Mar 04, 20_regulatory_reporting_by_aifs_008.txt",2,633,success,,2026-03-29 13:54:16
SEBI,"SEBI_Mar 06, 20_introduction_of_voluntary_lock-in_debit_freeze_facility_007.pdf","SEBI_Mar 06, 20_introduction_of_voluntary_lock-in_debit_freeze_facility_007.txt",2,401,success,,2026-03-29 13:54:16
SEBI,"SEBI_Mar 09, 20_address_by_shri_tuhin_kanta_pandey_chairman_sebi_-_30_y_044.pdf","SEBI_Mar 09, 20_address_by_shri_tuhin_kanta_pandey_chairman_sebi_-_30_y_044.txt",5,1468,success,,2026-03-29 13:54:17
SEBI,"SEBI_Mar 11, 20_address_by_shri_tuhin_kanta_pandey_chairman_sebi_at_the_043.pdf","SEBI_Mar 11, 20_address_by_shri_tuhin_kanta_pandey_chairman_sebi_at_the_043.txt",5,1294,success,,2026-03-29 13:54:18
SEBI,"SEBI_Mar 11, 20_ease_of_doing_business_-_roll_out_of_nism_certification_042.pdf","SEBI_Mar 11, 20_ease_of_doing_business_-_roll_out_of_nism_certification_042.txt",2,282,success,,2026-03-29 13:54:18
SEBI,"SEBI_Mar 11, 20_ease_of_doing_business_relaxation_in_certification_requ_006.pdf","SEBI_Mar 11, 20_ease_of_doing_business_relaxation_in_certification_requ_006.txt",2,509,success,,2026-03-29 13:54:18
SEBI,"SEBI_Mar 11, 20_updates_for_implementation_of_section_51a_of_uapa_1967__041.pdf","SEBI_Mar 11, 20_updates_for_implementation_of_section_51a_of_uapa_1967__041.txt",11,4704,success,,2026-03-29 13:54:22
SEBI,"SEBI_Mar 12, 20_public_notice_in_the_matter_of_citrus_check_inns_limite_040.pdf","SEBI_Mar 12, 20_public_notice_in_the_matter_of_citrus_check_inns_limite_040.txt",1,128,success,,2026-03-29 13:54:22
SEBI,"SEBI_Mar 13, 20_borrowing_by_mutual_funds_005.pdf","SEBI_Mar 13, 20_borrowing_by_mutual_funds_005.txt",3,724,success,,2026-03-29 13:54:23
SEBI,"SEBI_Mar 13, 20_dr_sadanand_s_date_takes_charge_as_executive_director_s_039.pdf","SEBI_Mar 13, 20_dr_sadanand_s_date_takes_charge_as_executive_director_s_039.txt",1,211,success,,2026-03-29 13:54:23
SEBI,"SEBI_Mar 14, 20_address_by_chairman_sebi_at_moneycontrol_global_wealth__038.pdf","SEBI_Mar 14, 20_address_by_chairman_sebi_at_moneycontrol_global_wealth__038.txt",5,1404,success,,2026-03-29 13:54:24
SEBI,"SEBI_Mar 16, 20_address_by_chairman_at_aria_aspire_2026_037.pdf","SEBI_Mar 16, 20_address_by_chairman_at_aria_aspire_2026_037.txt",4,1309,success,,2026-03-29 13:54:24
SEBI,"SEBI_Mar 16, 20_names_of_the_companiesintermediariesmiis_having_complai_036.pdf","SEBI_Mar 16, 20_names_of_the_companiesintermediariesmiis_having_complai_036.txt",1,115,success,,2026-03-29 13:54:24
SEBI,"SEBI_Mar 16, 20_review_of_coverage_of_settlement_guarantee_fund_for_com_004.pdf","SEBI_Mar 16, 20_review_of_coverage_of_settlement_guarantee_fund_for_com_004.txt",2,490,success,,2026-03-29 13:54:25
SEBI,"SEBI_Mar 16, 20_status_of_scores_complaints_as_on_february_28_2026_035.pdf","SEBI_Mar 16, 20_status_of_scores_complaints_as_on_february_28_2026_035.txt",2,318,success,,2026-03-29 13:54:25
SEBI,"SEBI_Mar 23, 20_ease_of_doing_business_measures_-_relaxations_in_certai_003.pdf","SEBI_Mar 23, 20_ease_of_doing_business_measures_-_relaxations_in_certai_003.txt",4,787,success,,2026-03-29 13:54:26
SEBI,"SEBI_Mar 23, 20_key_decisions_taken_in_the_sebi_board_meeting_dated_23r_034.pdf","SEBI_Mar 23, 20_key_decisions_taken_in_the_sebi_board_meeting_dated_23r_034.txt",10,3055,success,,2026-03-29 13:54:27
SEBI,"SEBI_Mar 24, 20_authorised_officer_under_section_793b_of_the_informatio_033.pdf","SEBI_Mar 24, 20_authorised_officer_under_section_793b_of_the_informatio_033.txt",1,113,success,,2026-03-29 13:54:27
SEBI,"SEBI_Mar 25, 20_addendum_to_sebi_circular_on_borrowing_by_mutual_funds_002.pdf","SEBI_Mar 25, 20_addendum_to_sebi_circular_on_borrowing_by_mutual_funds_002.txt",2,243,success,,2026-03-29 13:54:27
SEBI,"SEBI_Mar 25, 20_address_by_chairman_at_launch_of_verified_app_label_031.pdf","SEBI_Mar 25, 20_address_by_chairman_at_launch_of_verified_app_label_031.txt",3,792,success,,2026-03-29 13:54:28
SEBI,"SEBI_Mar 25, 20_chairman_sebi_today_launched_an_important_investor_prot_030.pdf","SEBI_Mar 25, 20_chairman_sebi_today_launched_an_important_investor_prot_030.txt",2,280,success,,2026-03-29 13:54:28
SEBI,"SEBI_Mar 25, 20_clarification_regarding_eligibility_of_members_of_the_i_000.pdf","SEBI_Mar 25, 20_clarification_regarding_eligibility_of_members_of_the_i_000.txt",2,474,success,,2026-03-29 13:54:28
SEBI,"SEBI_Mar 25, 20_clarification_regarding_eligibility_of_members_of_the_i_001.pdf","SEBI_Mar 25, 20_clarification_regarding_eligibility_of_members_of_the_i_001.txt",2,544,success,,2026-03-29 13:54:29
SEBI,"SEBI_Mar 25, 20_niveshak_shivir_to_be_held_on_march_27_2026_in_the_city_032.pdf","SEBI_Mar 25, 20_niveshak_shivir_to_be_held_on_march_27_2026_in_the_city_032.txt",2,200,success,,2026-03-29 13:54:29
SEBI,"SEBI_Mar 26, 20_updates_for_implementation_of_section_51a_of_uapa_1967__028.pdf","SEBI_Mar 26, 20_updates_for_implementation_of_section_51a_of_uapa_1967__028.txt",2,620,success,,2026-03-29 13:54:29
SEBI,"SEBI_Mar 26, 20_updates_for_implementation_of_section_51a_of_uapa_1967__029.pdf","SEBI_Mar 26, 20_updates_for_implementation_of_section_51a_of_uapa_1967__029.txt",2,726,success,,2026-03-29 13:54:30
SEBI,"SEBI_Mar 27, 20_commodity_derivatives_segment_027.pdf","SEBI_Mar 27, 20_commodity_derivatives_segment_027.txt",1,119,success,,2026-03-29 13:54:30
RBI,RBI_622ndMeeti_622ndmeeting_of_central_board_of_the_reserve_bank_of_in_079.pdf,RBI_622ndMeeti_622ndmeeting_of_central_board_of_the_reserve_bank_of_in_079.txt,1,202,success,,2026-03-29 13:54:30
RBI,"RBI_91-Day, 18_91-day_182-day_and_364-day_t-bill_auction_result_cut-of_048.pdf","RBI_91-Day, 18_91-day_182-day_and_364-day_t-bill_auction_result_cut-of_048.txt",1,108,success,,2026-03-29 13:54:30
RBI,RBI_Auction of_auction_of_91-day_182-day_and_364-day_treasury_bills_076.pdf,RBI_Auction of_auction_of_91-day_182-day_and_364-day_treasury_bills_076.txt,2,405,success,,2026-03-29 13:54:30
RBI,RBI_Auction of_auction_of_government_of_india_dated_securities_028.pdf,RBI_Auction of_auction_of_government_of_india_dated_securities_028.txt,3,1151,success,,2026-03-29 13:54:31
RBI,RBI_Auction of_auction_of_state_government_securities_051.pdf,RBI_Auction of_auction_of_state_government_securities_051.txt,3,883,success,,2026-03-29 13:54:32
RBI,RBI_Auction of_auction_of_state_government_securities_072.pdf,RBI_Auction of_auction_of_state_government_securities_072.txt,3,1004,success,,2026-03-29 13:54:33
RBI,RBI_Auction of_auction_of_state_government_securities_revised_044.pdf,RBI_Auction of_auction_of_state_government_securities_revised_044.txt,3,901,success,,2026-03-29 13:54:34
RBI,RBI_Auction of_auction_of_state_government_securities_revised_071.pdf,RBI_Auction of_auction_of_state_government_securities_revised_071.txt,3,1009,success,,2026-03-29 13:54:34
RBI,RBI_Calendar f_calendar_for_auction_of_government_of_india_treasury_bi_030.pdf,RBI_Calendar f_calendar_for_auction_of_government_of_india_treasury_bi_030.txt,1,375,success,,2026-03-29 13:54:35
RBI,RBI_Currency C_currency_chest_operations_on_march_31_2026_086.pdf,RBI_Currency C_currency_chest_operations_on_march_31_2026_086.txt,1,182,success,,2026-03-29 13:54:35
RBI,RBI_Directions_directions_under_section_35a_read_with_section_56_of_th_049.pdf,RBI_Directions_directions_under_section_35a_read_with_section_56_of_th_049.txt,1,288,success,,2026-03-29 13:54:35
RBI,RBI_Foreign Ex_foreign_exchange_management_export_and_import_of_curren_094.pdf,RBI_Foreign Ex_foreign_exchange_management_export_and_import_of_curren_094.txt,2,523,success,,2026-03-29 13:54:35
RBI,RBI_Implementa_implementation_of_section_51a_of_uapa_1967_updates_to_u_085.pdf,RBI_Implementa_implementation_of_section_51a_of_uapa_1967_updates_to_u_085.txt,3,908,success,,2026-03-29 13:54:36
RBI,RBI_Implementa_implementation_of_section_51a_of_uapa_1967_updates_to_u_095.pdf,RBI_Implementa_implementation_of_section_51a_of_uapa_1967_updates_to_u_095.txt,2,588,success,,2026-03-29 13:54:36
RBI,RBI_Irinjalaku_irinjalakuda_town_co-operative_bank_limited_kerala_appo_058.pdf,RBI_Irinjalaku_irinjalakuda_town_co-operative_bank_limited_kerala_appo_058.txt,1,225,success,,2026-03-29 13:54:37
RBI,RBI_Issuance C_issuance_calendar_for_marketable_dated_securities_for_a_031.pdf,RBI_Issuance C_issuance_calendar_for_marketable_dated_securities_for_a_031.txt,2,931,success,,2026-03-29 13:54:37
RBI,RBI_Master Dir_master_direction_-_reserve_bank_of_india_unique_identif_084.pdf,RBI_Master Dir_master_direction_-_reserve_bank_of_india_unique_identif_084.txt,7,1649,success,,2026-03-29 13:54:38
RBI,RBI_Meeting Sc_meeting_schedule_of_the_monetary_policy_committee_for_2_065.pdf,RBI_Meeting Sc_meeting_schedule_of_the_monetary_policy_committee_for_2_065.txt,1,151,success,,2026-03-29 13:54:38
RBI,RBI_Money Mark_money_market_operations_as_on_march_18_2026_082.pdf,RBI_Money Mark_money_market_operations_as_on_march_18_2026_082.txt,2,526,success,,2026-03-29 13:54:39
RBI,RBI_Money Mark_money_market_operations_as_on_march_19_2026_080.pdf,RBI_Money Mark_money_market_operations_as_on_march_19_2026_080.txt,2,527,success,,2026-03-29 13:54:39
RBI,RBI_Money Mark_money_market_operations_as_on_march_20_2026_070.pdf,RBI_Money Mark_money_market_operations_as_on_march_20_2026_070.txt,2,547,success,,2026-03-29 13:54:40
RBI,RBI_Money Mark_money_market_operations_as_on_march_21_2026_068.pdf,RBI_Money Mark_money_market_operations_as_on_march_21_2026_068.txt,2,561,success,,2026-03-29 13:54:41
RBI,RBI_Money Mark_money_market_operations_as_on_march_22_2026_067.pdf,RBI_Money Mark_money_market_operations_as_on_march_22_2026_067.txt,2,547,success,,2026-03-29 13:54:42
RBI,RBI_Money Mark_money_market_operations_as_on_march_23_2026_056.pdf,RBI_Money Mark_money_market_operations_as_on_march_23_2026_056.txt,2,519,success,,2026-03-29 13:54:42
RBI,RBI_Money Mark_money_market_operations_as_on_march_24_2026_050.pdf,RBI_Money Mark_money_market_operations_as_on_march_24_2026_050.txt,2,512,success,,2026-03-29 13:54:43
RBI,RBI_Money Mark_money_market_operations_as_on_march_25_2026_043.pdf,RBI_Money Mark_money_market_operations_as_on_march_25_2026_043.txt,2,526,success,,2026-03-29 13:54:44
RBI,RBI_Money Mark_money_market_operations_as_on_march_26_2026_041.pdf,RBI_Money Mark_money_market_operations_as_on_march_26_2026_041.txt,2,526,success,,2026-03-29 13:54:44
RBI,RBI_NOP-INR po_nop-inr_position_of_authorised_dealers_083.pdf,RBI_NOP-INR po_nop-inr_position_of_authorised_dealers_083.txt,1,239,success,,2026-03-29 13:54:45
RBI,RBI_Payments V_payments_vision_2028_032.pdf,RBI_Payments V_payments_vision_2028_032.txt,1,177,success,,2026-03-29 13:54:45
RBI,RBI_Rate of in_rate_of_interest_on_government_of_india_floating_rate_b_077.pdf,RBI_Rate of in_rate_of_interest_on_government_of_india_floating_rate_b_077.txt,1,159,success,,2026-03-29 13:54:45
RBI,RBI_RBI approv_rbi_approves_the_voluntary_amalgamation_of_lalbaug_co-o_074.pdf,RBI_RBI approv_rbi_approves_the_voluntary_amalgamation_of_lalbaug_co-o_074.txt,1,174,success,,2026-03-29 13:54:45
RBI,RBI_RBI approv_rbi_approves_the_voluntary_amalgamation_of_the_bapunaga_045.pdf,RBI_RBI approv_rbi_approves_the_voluntary_amalgamation_of_the_bapunaga_045.txt,1,182,success,,2026-03-29 13:54:45
RBI,RBI_RBI Bullet_rbi_bulletin_march_2026_066.pdf,RBI_RBI Bullet_rbi_bulletin_march_2026_066.txt,1,228,success,,2026-03-29 13:54:45
RBI,RBI_RBI impose_rbi_imposes_monetary_penalty_on_bank_of_india_034.pdf,RBI_RBI impose_rbi_imposes_monetary_penalty_on_bank_of_india_034.txt,1,374,success,,2026-03-29 13:54:46
RBI,RBI_RBI impose_rbi_imposes_monetary_penalty_on_central_bank_of_india_036.pdf,RBI_RBI impose_rbi_imposes_monetary_penalty_on_central_bank_of_india_036.txt,1,373,success,,2026-03-29 13:54:46
RBI,RBI_RBI impose_rbi_imposes_monetary_penalty_on_loknete_rd_appa_kshirsa_063.pdf,RBI_RBI impose_rbi_imposes_monetary_penalty_on_loknete_rd_appa_kshirsa_063.txt,1,389,success,,2026-03-29 13:54:46
RBI,RBI_RBI impose_rbi_imposes_monetary_penalty_on_pine_labs_limited_035.pdf,RBI_RBI impose_rbi_imposes_monetary_penalty_on_pine_labs_limited_035.txt,1,335,success,,2026-03-29 13:54:46
RBI,RBI_RBI impose_rbi_imposes_monetary_penalty_on_the_hongkong_and_shangh_075.pdf,RBI_RBI impose_rbi_imposes_monetary_penalty_on_the_hongkong_and_shangh_075.txt,1,365,success,,2026-03-29 13:54:47
RBI,RBI_RBI impose_rbi_imposes_monetary_penalty_on_the_kodagu_district_co-_060.pdf,RBI_RBI impose_rbi_imposes_monetary_penalty_on_the_kodagu_district_co-_060.txt,1,330,success,,2026-03-29 13:54:47
RBI,RBI_RBI impose_rbi_imposes_monetary_penalty_on_the_mysore_and_chamaraj_061.pdf,RBI_RBI impose_rbi_imposes_monetary_penalty_on_the_mysore_and_chamaraj_061.txt,1,385,success,,2026-03-29 13:54:47
RBI,RBI_RBI impose_rbi_imposes_monetary_penalty_on_the_pali_district_centr_064.pdf,RBI_RBI impose_rbi_imposes_monetary_penalty_on_the_pali_district_centr_064.txt,1,346,success,,2026-03-29 13:54:47
RBI,RBI_RBI impose_rbi_imposes_monetary_penalty_on_the_tanur_co-operative__059.pdf,RBI_RBI impose_rbi_imposes_monetary_penalty_on_the_tanur_co-operative__059.txt,1,328,success,,2026-03-29 13:54:48
RBI,RBI_RBI impose_rbi_imposes_monetary_penalty_on_union_bank_of_india_033.pdf,RBI_RBI impose_rbi_imposes_monetary_penalty_on_union_bank_of_india_033.txt,1,401,success,,2026-03-29 13:54:48
RBI,RBI_RBI impose_rbi_imposes_monetary_penalty_on_vedvyas_finance_private_062.pdf,RBI_RBI impose_rbi_imposes_monetary_penalty_on_vedvyas_finance_private_062.txt,1,316,success,,2026-03-29 13:54:48
RBI,RBI_RBI releas_rbi_releases_master_direction_on_unique_identifiers_in__037.pdf,RBI_RBI releas_rbi_releases_master_direction_on_unique_identifiers_in__037.txt,1,192,success,,2026-03-29 13:54:48
RBI,RBI_RBI to con_rbi_to_conduct_3-day_variable_rate_repo_vrr_auction_und_057.pdf,RBI_RBI to con_rbi_to_conduct_3-day_variable_rate_repo_vrr_auction_und_057.txt,1,155,success,,2026-03-29 13:54:48
RBI,RBI_RBI to con_rbi_to_conduct_overnight_variable_rate_repo_vrr_auction_073.pdf,RBI_RBI to con_rbi_to_conduct_overnight_variable_rate_repo_vrr_auction_073.txt,1,156,success,,2026-03-29 13:54:49
RBI,RBI_RBI-2025-2_rbi2025-2026225doramlrec41514060012025-26_027.pdf,RBI_RBI-2025-2_rbi2025-2026225doramlrec41514060012025-26_027.txt,3,1002,success,,2026-03-29 13:54:49
RBI,RBI_RBI-2025-2_rbi2025-2026226dorcaprecno41621010022025-26_026.pdf,RBI_RBI-2025-2_rbi2025-2026226dorcaprecno41621010022025-26_026.txt,2,347,success,,2026-03-29 13:54:49
RBI,RBI_RBI-2025-2_rbi2025-2026227dorcaprecno41721010022025-26_025.pdf,RBI_RBI-2025-2_rbi2025-2026227dorcaprecno41721010022025-26_025.txt,2,405,success,,2026-03-29 13:54:50
RBI,RBI_RBI-2025-2_rbi2025-2026228dorcaprecno41821010022025-26_024.pdf,RBI_RBI-2025-2_rbi2025-2026228dorcaprecno41821010022025-26_024.txt,2,448,success,,2026-03-29 13:54:50
RBI,RBI_RBI-2025-2_rbi2025-2026229dorcaprecno41921010022025-26_023.pdf,RBI_RBI-2025-2_rbi2025-2026229dorcaprecno41921010022025-26_023.txt,2,436,success,,2026-03-29 13:54:50
RBI,RBI_RBI-2025-2_rbi2025-2026230dorcaprecno42021010022025-26_022.pdf,RBI_RBI-2025-2_rbi2025-2026230dorcaprecno42021010022025-26_022.txt,2,521,success,,2026-03-29 13:54:50
RBI,RBI_RBI-2025-2_rbi2025-2026231dorcaprecno42121010022025-26_021.pdf,RBI_RBI-2025-2_rbi2025-2026231dorcaprecno42121010022025-26_021.txt,2,352,success,,2026-03-29 13:54:50
RBI,RBI_RBI-2025-2_rbi2025-2026232dorcaprecno42221010022025-26_020.pdf,RBI_RBI-2025-2_rbi2025-2026232dorcaprecno42221010022025-26_020.txt,2,473,success,,2026-03-29 13:54:51
RBI,RBI_RBI-2025-2_rbi2025-2026238dormrgrecno43321-01-0022025-26_014.pdf,RBI_RBI-2025-2_rbi2025-2026238dormrgrecno43321-01-0022025-26_014.txt,3,785,success,,2026-03-29 13:54:51
RBI,RBI_RBI-2025-2_rbi2025-2026239dormrgrecno43421-01-0022025-26_013.pdf,RBI_RBI-2025-2_rbi2025-2026239dormrgrecno43421-01-0022025-26_013.txt,3,727,success,,2026-03-29 13:54:51
RBI,RBI_RBI-2025-2_rbi2025-2026240dormrgrecno43521-01-0022025-26_012.pdf,RBI_RBI-2025-2_rbi2025-2026240dormrgrecno43521-01-0022025-26_012.txt,2,511,success,,2026-03-29 13:54:52
RBI,RBI_RBI-2025-2_rbi2025-2026241dormrgrecno43621-01-0022025-26_011.pdf,RBI_RBI-2025-2_rbi2025-2026241dormrgrecno43621-01-0022025-26_011.txt,3,774,success,,2026-03-29 13:54:52
RBI,RBI_RBI-2025-2_rbi2025-2026242doramlrec43714060012025-26_010.pdf,RBI_RBI-2025-2_rbi2025-2026242doramlrec43714060012025-26_010.txt,2,588,success,,2026-03-29 13:54:53
RBI,RBI_RBI-2025-2_rbi2025-2026250dcmccnos47810351012025-26_002.pdf,RBI_RBI-2025-2_rbi2025-2026250dcmccnos47810351012025-26_002.txt,1,182,success,,2026-03-29 13:54:53
RBI,RBI_RBI-2025-2_rbi2025-2026251doramlrec44514060012025-26_001.pdf,RBI_RBI-2025-2_rbi2025-2026251doramlrec44514060012025-26_001.txt,3,908,success,,2026-03-29 13:54:53
RBI,RBI_RBI-2025-2_rbi2025-2026252ap_dir_series_circular_no_24_000.pdf,RBI_RBI-2025-2_rbi2025-2026252ap_dir_series_circular_no_24_000.txt,1,239,success,,2026-03-29 13:54:53
RBI,RBI_RBI-DOR-20_rbidor2025-2026233doraccrecno43221020672025-26_019.pdf,RBI_RBI-DOR-20_rbidor2025-2026233doraccrecno43221020672025-26_019.txt,1,217,success,,2026-03-29 13:54:54
RBI,RBI_RBI-DOR-20_rbidor2025-2026234doraccrecno42321020672025-26_018.pdf,RBI_RBI-DOR-20_rbidor2025-2026234doraccrecno42321020672025-26_018.txt,1,270,success,,2026-03-29 13:54:54
RBI,RBI_RBI-DOR-20_rbidor2025-2026235doraccrecno42421020672025-26_017.pdf,RBI_RBI-DOR-20_rbidor2025-2026235doraccrecno42421020672025-26_017.txt,1,261,success,,2026-03-29 13:54:54
RBI,RBI_RBI-DOR-20_rbidor2025-2026236doraccrecno42521020672025-26_016.pdf,RBI_RBI-DOR-20_rbidor2025-2026236doraccrecno42521020672025-26_016.txt,1,258,success,,2026-03-29 13:54:54
RBI,RBI_RBI-DOR-20_rbidor2025-2026237doraccrecno42621020672025-26_015.pdf,RBI_RBI-DOR-20_rbidor2025-2026237doraccrecno42621020672025-26_015.txt,1,261,success,,2026-03-29 13:54:54
RBI,RBI_RBI-DOR-20_rbidor2025-2026243doraccrecno43821040182025-26_009.pdf,RBI_RBI-DOR-20_rbidor2025-2026243doraccrecno43821040182025-26_009.txt,1,240,success,,2026-03-29 13:54:54
RBI,RBI_RBI-DOR-20_rbidor2025-2026244doraccrecno43921040182025-26_008.pdf,RBI_RBI-DOR-20_rbidor2025-2026244doraccrecno43921040182025-26_008.txt,1,242,success,,2026-03-29 13:54:55
RBI,RBI_RBI-DOR-20_rbidor2025-2026245doraccrecno44021040182025-26_007.pdf,RBI_RBI-DOR-20_rbidor2025-2026245doraccrecno44021040182025-26_007.txt,1,238,success,,2026-03-29 13:54:55
RBI,RBI_RBI-DOR-20_rbidor2025-2026246doraccrecno44121040182025-26_006.pdf,RBI_RBI-DOR-20_rbidor2025-2026246doraccrecno44121040182025-26_006.txt,1,241,success,,2026-03-29 13:54:55
RBI,RBI_RBI-DOR-20_rbidor2025-2026247doraccrecno44221040182025-26_005.pdf,RBI_RBI-DOR-20_rbidor2025-2026247doraccrecno44221040182025-26_005.txt,1,242,success,,2026-03-29 13:54:55
RBI,RBI_RBI-DOR-20_rbidor2025-2026248doraccrecno44321040182025-26_004.pdf,RBI_RBI-DOR-20_rbidor2025-2026248doraccrecno44321040182025-26_004.txt,1,246,success,,2026-03-29 13:54:55
RBI,RBI_RBI-DOR-20_rbidor2025-2026249doraccrecno44421040182025-26_003.pdf,RBI_RBI-DOR-20_rbidor2025-2026249doraccrecno44421040182025-26_003.txt,1,246,success,,2026-03-29 13:54:55
RBI,RBI_Reserve Ba_reserve_bank_of_india_all_india_financial_institutions__096.pdf,RBI_Reserve Ba_reserve_bank_of_india_all_india_financial_institutions__096.txt,3,774,success,,2026-03-29 13:54:56
RBI,RBI_Reserve Ba_reserve_bank_of_india_bulletin_weekly_statistical_suppl_038.pdf,RBI_Reserve Ba_reserve_bank_of_india_bulletin_weekly_statistical_suppl_038.txt,2,898,success,,2026-03-29 13:54:57
RBI,RBI_Reserve Ba_reserve_bank_of_india_bulletin_weekly_statistical_suppl_078.pdf,RBI_Reserve Ba_reserve_bank_of_india_bulletin_weekly_statistical_suppl_078.txt,2,908,success,,2026-03-29 13:54:59
RBI,RBI_Reserve Ba_reserve_bank_of_india_commercial_banks_financial_statem_093.pdf,RBI_Reserve Ba_reserve_bank_of_india_commercial_banks_financial_statem_093.txt,1,240,success,,2026-03-29 13:54:59
RBI,RBI_Reserve Ba_reserve_bank_of_india_local_area_banks_financial_statem_090.pdf,RBI_Reserve Ba_reserve_bank_of_india_local_area_banks_financial_statem_090.txt,1,241,success,,2026-03-29 13:54:59
RBI,RBI_Reserve Ba_reserve_bank_of_india_payments_banks_-_prudential_norms_097.pdf,RBI_Reserve Ba_reserve_bank_of_india_payments_banks_-_prudential_norms_097.txt,2,511,success,,2026-03-29 13:54:59
RBI,RBI_Reserve Ba_reserve_bank_of_india_payments_banks_financial_statemen_091.pdf,RBI_Reserve Ba_reserve_bank_of_india_payments_banks_financial_statemen_091.txt,1,238,success,,2026-03-29 13:54:59
RBI,RBI_Reserve Ba_reserve_bank_of_india_regional_rural_banks_financial_st_089.pdf,RBI_Reserve Ba_reserve_bank_of_india_regional_rural_banks_financial_st_089.txt,1,242,success,,2026-03-29 13:54:59
RBI,RBI_Reserve Ba_reserve_bank_of_india_rural_co-operative_banks_financia_087.pdf,RBI_Reserve Ba_reserve_bank_of_india_rural_co-operative_banks_financia_087.txt,1,246,success,,2026-03-29 13:55:00
RBI,RBI_Reserve Ba_reserve_bank_of_india_small_finance_banks_-_prudential__098.pdf,RBI_Reserve Ba_reserve_bank_of_india_small_finance_banks_-_prudential__098.txt,3,727,success,,2026-03-29 13:55:00
RBI,RBI_Reserve Ba_reserve_bank_of_india_small_finance_banks_financial_sta_092.pdf,RBI_Reserve Ba_reserve_bank_of_india_small_finance_banks_financial_sta_092.txt,1,242,success,,2026-03-29 13:55:00
RBI,RBI_Reserve Ba_reserve_bank_of_india_small_finance_banks_prudential_no_099.pdf,RBI_Reserve Ba_reserve_bank_of_india_small_finance_banks_prudential_no_099.txt,10,1992,success,,2026-03-29 13:55:01
RBI,RBI_Reserve Ba_reserve_bank_of_india_urban_co-operative_banks_financia_088.pdf,RBI_Reserve Ba_reserve_bank_of_india_urban_co-operative_banks_financia_088.txt,1,246,success,,2026-03-29 13:55:02
RBI,RBI_Reserve Mo_reserve_money_and_money_supply_for_the_fortnight_ended__046.pdf,RBI_Reserve Mo_reserve_money_and_money_supply_for_the_fortnight_ended__046.txt,1,99,success,,2026-03-29 13:55:02
RBI,RBI_Result of _result_of_the_3-day_variable_rate_repo_vrr_auction_held_055.pdf,RBI_Result of _result_of_the_3-day_variable_rate_repo_vrr_auction_held_055.txt,1,124,success,,2026-03-29 13:55:02
RBI,RBI_Result of _result_of_the_3-day_variable_rate_repo_vrr_auction_held_081.pdf,RBI_Result of _result_of_the_3-day_variable_rate_repo_vrr_auction_held_081.txt,1,127,success,,2026-03-29 13:55:02
RBI,RBI_Result of _result_of_the_6-day_variable_rate_repo_vrr_auction_held_042.pdf,RBI_Result of _result_of_the_6-day_variable_rate_repo_vrr_auction_held_042.txt,1,123,success,,2026-03-29 13:55:02
RBI,RBI_Result of _result_of_the_overnight_variable_rate_repo_vrr_auction__069.pdf,RBI_Result of _result_of_the_overnight_variable_rate_repo_vrr_auction__069.txt,1,124,success,,2026-03-29 13:55:03
RBI,RBI_Result of _result_of_yieldprice_based_auction_of_state_government__040.pdf,RBI_Result of _result_of_yieldprice_based_auction_of_state_government__040.txt,2,474,success,,2026-03-29 13:55:03
RBI,RBI_Result of _result_of_yield_price_based_auction_of_state_government_054.pdf,RBI_Result of _result_of_yield_price_based_auction_of_state_government_054.txt,3,623,success,,2026-03-29 13:55:04
RBI,RBI_State Gove_state_government_securities_-_full_auction_result_039.pdf,RBI_State Gove_state_government_securities_-_full_auction_result_039.txt,9,1602,success,,2026-03-29 13:55:06
RBI,RBI_State Gove_state_government_securities_-_full_auction_result_053.pdf,RBI_State Gove_state_government_securities_-_full_auction_result_053.txt,13,2252,success,,2026-03-29 13:55:10
RBI,RBI_Treasury B_treasury_bills_full_auction_result_047.pdf,RBI_Treasury B_treasury_bills_full_auction_result_047.txt,1,184,success,,2026-03-29 13:55:10
RBI,RBI_Variable R_variable_rate_repo_vrr_auctions_under_laf_for_the_end_o_052.pdf,RBI_Variable R_variable_rate_repo_vrr_auctions_under_laf_for_the_end_o_052.txt,1,183,success,,2026-03-29 13:55:10
RBI,RBI_WMA Limit _wma_limit_for_government_of_india_for_april_-_september_029.pdf,RBI_WMA Limit _wma_limit_for_government_of_india_for_april_-_september_029.txt,1,191,success,,2026-03-29 13:55:10
